<?xml version="1.0" encoding="UTF-8"?>
<!DOCTYPE animation SYSTEM "animationDTD.dtd" >
<animation length="1" loop="true">

	<trackT name="AnimTrackWalk_Eyes1">
		<keyframeT time="0.00" value = "data/weapons/Marcassins/Marcassin_1_1.png" />
		<keyframeT time="0.25" value = "data/weapons/Marcassins/Marcassin_1_2.png" />
		<keyframeT time="0.50" value = "data/weapons/Marcassins/Marcassin_1_3.png" />
		<keyframeT time="0.75" value = "data/weapons/Marcassins/Marcassin_1_4.png" />
	</trackT>
	
	<trackT name="AnimTrackWalk1_Eyes2">
		<keyframeT time="0.00" value = "data/weapons/Marcassins/Marcassin_2_1.png" />
		<keyframeT time="0.25" value = "data/weapons/Marcassins/Marcassin_2_2.png" />
		<keyframeT time="0.50" value = "data/weapons/Marcassins/Marcassin_2_3.png" />
		<keyframeT time="0.75" value = "data/weapons/Marcassins/Marcassin_2_4.png" />
	</trackT>
	
	<trackT name="AnimTrackWalk_Eyes3">
		<keyframeT time="0.00" value = "data/weapons/Marcassins/Marcassin_3_1.png" />
		<keyframeT time="0.25" value = "data/weapons/Marcassins/Marcassin_3_2.png" />
		<keyframeT time="0.50" value = "data/weapons/Marcassins/Marcassin_3_3.png" />
		<keyframeT time="0.75" value = "data/weapons/Marcassins/Marcassin_3_4.png" />
	</trackT>

</animation>
