<?xml version="1.0" encoding="UTF-8"?>
<!DOCTYPE animation SYSTEM "animationDTD.dtd" >
<animation length="1" loop="true">

	<trackEvent>
		<keyframeEvent time ="0.001">
			<eventSound path ="data/sound/tchip1.ogg" channel = "SFX" volume = ".5" pitch = "1" localized = "true" />
		</keyframeEvent>
		<keyframeEvent time ="0.20">
			<eventSound path ="data/sound/tchip1.ogg" channel = "SFX" volume = ".5" pitch = "1" localized = "true" />
		</keyframeEvent>
		<keyframeEvent time ="0.40">
			<eventSound path ="data/sound/tchip1.ogg" channel = "SFX" volume = ".5" pitch = "1" localized = "true" />
		</keyframeEvent>
		<keyframeEvent time ="0.60">
			<eventSound path ="data/sound/tchip1.ogg" channel = "SFX" volume = ".5" pitch = "1" localized = "true" />
		</keyframeEvent>
		<keyframeEvent time ="0.80">
			<eventSound path ="data/sound/tchip1.ogg" channel = "SFX" volume = ".5" pitch = "1" localized = "true" />
		</keyframeEvent>
	</trackEvent>
	
	<trackT name="starsTexture">
		<keyframeT time="0.00" value = "data/sprites/StunStars.png" />
		<keyframeT time="0.25" value = "data/sprites/StunStars2.png" />
		<keyframeT time="0.50" value = "data/sprites/StunStars.png" /> <!--Il est plus pratique d'avoir une animation d'une seconde entière pour avoir tchip/seconde-->
		<keyframeT time="0.75" value = "data/sprites/StunStars2.png" />
	</trackT>

</animation>
