<?xml version="1.0" encoding="UTF-8" standalone="no"?>
<!DOCTYPE map SYSTEM "mapDTD.dtd" >
<map>
  <information>
    <spawn cooldown="4" spawnperso="true">
      <vecteur x="115.0" y="170.0"/>
      			<gun name="Minigun" weight="43"
				pathSprite="data/weapons/Minigun_1.png" soundPickup="GunCock_02"
				cooldown="0.03" uses="350" animPath="" warmupDuration="0.25"
				soundWarmup="warmup_minigun_01" bangSound="Bang1"
				noAmmoSound="no_ammo_01" bulletType="0" bulletSpeed="3500"
				damage="1" cannonLength="100" recoil="0.2" thrust="275" size="64"
				proba="1">

				<vecteur use="handPosL" x="-25" y="6" />
				<vecteur use="handPosR" x="3" y="3" />
			</gun>
			<gun name="assault" weight="43"
				pathSprite="data/weapons/Assaut_1.png" soundPickup="GunCock_01"
				cooldown="0.09" uses="100" animPath="" warmupDuration="0"
				soundWarmup="" bangSound="bang_tommy_gun_01"
				noAmmoSound="no_ammo_01" bulletType="0" bulletSpeed="3500"
				damage="1" cannonLength="58" recoil="1.6" thrust="200" size="64"
				proba="1">

				<vecteur use="handPosL" x="-25" y="8" />
				<vecteur use="handPosR" x="3" y="4" />
			</gun>
			<gun name="ion" weight="50"
				pathSprite="data/weapons/RayGun1_tr.png" soundPickup="GunCock_03"
				cooldown="0.12" uses="100" animPath="" warmupDuration="0.8"
				soundWarmup="IonCharge3" bangSound="BangIonGun"
				noAmmoSound="no_ammo_01" bulletType="1" bulletSpeed="3000"
				damage="1" cannonLength="50" recoil="1" thrust="200" size="64"
				proba="1">

				<vecteur use="handPosL" x="-25" y="6" />
				<vecteur use="handPosR" x="3" y="3" />
			</gun>
			<shotgun name="shotgun" weight="100"
				pathSprite="data/weapons/shotgun1.png" soundPickup="GunCock_02"
				cooldown="1.2" uses="6" animPath="" warmupDuration="0"
				soundWarmup="" bangSound="bang_shotgun_01" noAmmoSound="no_ammo_01"
				multiShot="25" dispersion="0.3" bulletType="0" bulletSpeed="3200"
				damage="2" cannonLength="60" recoil="2" thrust="2500" size="2"
				proba="1">

				<vecteur use="handPosL" x="15" y="0" />
				<vecteur use="handPosR" x="5" y="0" />
			</shotgun>
			<entities>
				<mesh src="data/meshes/item_pickup/weapon_pickup.obj">
					<vecteur use="position" x="0" y="40" z="0" />
					<vecteur use="rotation" x="0" y="0" z="0" w="1" />
					<vecteur use="scale" x="35" y="35" z="35" />
				</mesh>
			</entities>
      
    </spawn>
    <spawn cooldown="4" spawnperso="true">
      <vecteur x="115.0" y="320.0"/>
      			<gun name="Minigun" weight="43"
				pathSprite="data/weapons/Minigun_1.png" soundPickup="GunCock_02"
				cooldown="0.03" uses="350" animPath="" warmupDuration="0.25"
				soundWarmup="warmup_minigun_01" bangSound="Bang1"
				noAmmoSound="no_ammo_01" bulletType="0" bulletSpeed="3500"
				damage="1" cannonLength="100" recoil="0.2" thrust="275" size="64"
				proba="1">

				<vecteur use="handPosL" x="-25" y="6" />
				<vecteur use="handPosR" x="3" y="3" />
			</gun>
			<gun name="assault" weight="43"
				pathSprite="data/weapons/Assaut_1.png" soundPickup="GunCock_01"
				cooldown="0.09" uses="100" animPath="" warmupDuration="0"
				soundWarmup="" bangSound="bang_tommy_gun_01"
				noAmmoSound="no_ammo_01" bulletType="0" bulletSpeed="3500"
				damage="1" cannonLength="58" recoil="1.6" thrust="200" size="64"
				proba="1">

				<vecteur use="handPosL" x="-25" y="8" />
				<vecteur use="handPosR" x="3" y="4" />
			</gun>
			<gun name="ion" weight="50"
				pathSprite="data/weapons/RayGun1_tr.png" soundPickup="GunCock_03"
				cooldown="0.12" uses="100" animPath="" warmupDuration="0.8"
				soundWarmup="IonCharge3" bangSound="BangIonGun"
				noAmmoSound="no_ammo_01" bulletType="1" bulletSpeed="3000"
				damage="1" cannonLength="50" recoil="1" thrust="200" size="64"
				proba="1">

				<vecteur use="handPosL" x="-25" y="6" />
				<vecteur use="handPosR" x="3" y="3" />
			</gun>
			<shotgun name="shotgun" weight="100"
				pathSprite="data/weapons/shotgun1.png" soundPickup="GunCock_02"
				cooldown="1.2" uses="6" animPath="" warmupDuration="0"
				soundWarmup="" bangSound="bang_shotgun_01" noAmmoSound="no_ammo_01"
				multiShot="25" dispersion="0.3" bulletType="0" bulletSpeed="3200"
				damage="2" cannonLength="60" recoil="2" thrust="2500" size="2"
				proba="1">

				<vecteur use="handPosL" x="15" y="0" />
				<vecteur use="handPosR" x="5" y="0" />
			</shotgun>
			<entities>
				<mesh src="data/meshes/item_pickup/weapon_pickup.obj">
					<vecteur use="position" x="0" y="40" z="0" />
					<vecteur use="rotation" x="0" y="0" z="0" w="1" />
					<vecteur use="scale" x="35" y="35" z="35" />
				</mesh>
			</entities>
      
    </spawn>
    <spawn cooldown="4" spawnperso="true">
      <vecteur x="375.0" y="410.0"/>
    </spawn>
    <spawn cooldown="4" spawnperso="true">
      <vecteur x="815.0" y="390.0"/>
    </spawn>
    <spawn cooldown="4" spawnperso="true">
      <vecteur x="825.0" y="230.0"/>
    </spawn>
    <spawn cooldown="4" spawnperso="true">
      <vecteur x="605.0" y="400.0"/>
    </spawn>
    <spawn cooldown="4" spawnperso="true">
      <vecteur x="405.0" y="610.0"/>
    </spawn>
    <spawn cooldown="4" spawnperso="true">
      <vecteur x="905.0" y="540.0"/>
    </spawn>
    <spawn cooldown="4" spawnperso="true">
      <vecteur x="825.0" y="90.0"/>
    </spawn>
    <spawn cooldown="4" spawnperso="true">
      <vecteur x="695.0" y="680.0"/>
    </spawn>
    
    <gravity>
      <vecteur x="0.0" y="9.807"/>
    </gravity>
    
    <cameraBound w="1000" x="-5000" y="-1000" z="5000" />
    
    <sky>
      <vecteur use="top" x="1.0" y="1.0" z="1.0"/>
      <vecteur use="bottom" x="1.0" y="1.0" z="1.0"/>
    </sky>
  </information>
  <entities>
    <entity name="Spatial_1547896226624"/>
    <entity name="Entity_1547896818358"/>
    <plateform name="Platform_1547896420356">
      <vecteur use="position" x="960.0" y="320.0"/>
      <vecteur use="extent" x="150.0" y="10.0"/>
    </plateform>
    <plateform name="Platform_1547896283409">
      <vecteur use="position" x="370.0" y="500.0"/>
      <vecteur use="extent" x="150.0" y="10.0"/>
    </plateform>
    <plateform name="Platform_1547896380297">
      <vecteur use="position" x="400.0" y="680.0"/>
      <vecteur use="extent" x="150.0" y="10.0"/>
    </plateform>
    <plateform name="Platform_1547896299367">
      <vecteur use="position" x="595.0" y="480.0"/>
      <vecteur use="extent" x="75.0" y="10.0"/>
    </plateform>
    <plateform name="Platform_1547896342256">
      <vecteur use="position" x="820.0" y="460.0"/>
      <vecteur use="extent" x="150.0" y="10.0"/>
    </plateform>
    <plateform name="Platform_1547896348518">
      <vecteur use="position" x="820.0" y="310.0"/>
      <vecteur use="extent" x="150.0" y="10.0"/>
    </plateform>
    <plateform name="Platform_1547896172561">
      <vecteur use="position" x="75.0" y="90.0"/>
      <vecteur use="extent" x="75.0" y="10.0"/>
    </plateform>
    <plateform name="Platform_1547896456690">
      <vecteur use="position" x="820.0" y="160.0"/>
      <vecteur use="extent" x="150.0" y="10.0"/>
    </plateform>
    <plateform name="Platform_1547896664248">
      <vecteur use="position" x="700.0" y="760.0"/>
      <vecteur use="extent" x="150.0" y="10.0"/>
    </plateform>
    <plateform name="Platform_1547896470341">
      <vecteur use="position" x="530.0" y="440.0"/>
      <vecteur use="extent" x="50.0" y="10.0"/>
    </plateform>
    <plateform name="Platform_1547896838116">
      <vecteur use="position" x="960.0" y="530.0"/>
      <vecteur use="extent" x="75.0" y="10.0"/>
    </plateform>
    <plateform name="Platform_1547896674112">
      <vecteur use="position" x="560.0" y="720.0"/>
      <vecteur use="extent" x="50.0" y="10.0"/>
    </plateform>
    <plateform name="Platform_1547896209234">
      <vecteur use="position" x="75.0" y="240.0"/>
      <vecteur use="extent" x="75.0" y="10.0"/>
    </plateform>
    <plateform name="Platform_1547896595411">
      <vecteur use="position" x="960.0" y="100.0"/>
      <vecteur use="extent" x="50.0" y="10.0"/>
    </plateform>
    <plateform name="Platform_1547896615573">
      <vecteur use="position" x="150.0" y="580.0"/>
      <vecteur use="extent" x="150.0" y="10.0"/>
    </plateform>
    <plateform name="Platform_1547896229911">
      <vecteur use="position" x="75.0" y="400.0"/>
      <vecteur use="extent" x="75.0" y="10.0"/>
    </plateform>
    <plateform name="Platform_1547896703790">
      <vecteur use="position" x="900.0" y="610.0"/>
      <vecteur use="extent" x="150.0" y="10.0"/>
    </plateform>
    <plateform name="Platform_1547896724089">
      <vecteur use="position" x="885.0" y="450.0"/>
      <vecteur use="extent" x="5.0" y="10.0"/>
    </plateform>
    <plateform name="Platform_1547896877851">
      <vecteur use="position" x="850.0" y="720.0"/>
      <vecteur use="extent" x="150.0" y="10.0"/>
    </plateform>
  </entities>
</map>
