<?xml version="1.0" encoding="UTF-8" standalone="no"?>
<!DOCTYPE map SYSTEM "mapDTD.dtd" >
<map>
  <information>
    <spawn cooldown="5" spawnperso="true">
      <vecteur x="95.0" y="120.0"/>
      			<gun name="Minigun" weight="43"
				pathSprite="data/weapons/Minigun_1.png" soundPickup="GunCock_02"
				cooldown="0.03" uses="350" animPath="" warmupDuration="0.25"
				soundWarmup="warmup_minigun_01" bangSound="Bang1"
				noAmmoSound="no_ammo_01" bulletType="0" bulletSpeed="3500"
				damage="1" cannonLength="100" recoil="0.2" thrust="275" size="64"
				proba="1">

				<vecteur use="handPosL" x="-25" y="6" />
				<vecteur use="handPosR" x="3" y="3" />
			</gun>
			<gun name="assault" weight="43"
				pathSprite="data/weapons/Assaut_1.png" soundPickup="GunCock_01"
				cooldown="0.09" uses="100" animPath="" warmupDuration="0"
				soundWarmup="" bangSound="bang_tommy_gun_01"
				noAmmoSound="no_ammo_01" bulletType="0" bulletSpeed="3500"
				damage="1" cannonLength="58" recoil="1.6" thrust="200" size="64"
				proba="1">

				<vecteur use="handPosL" x="-25" y="8" />
				<vecteur use="handPosR" x="3" y="4" />
			</gun>
			<gun name="ion" weight="50"
				pathSprite="data/weapons/RayGun1_tr.png" soundPickup="GunCock_03"
				cooldown="0.12" uses="100" animPath="" warmupDuration="0.8"
				soundWarmup="IonCharge3" bangSound="BangIonGun"
				noAmmoSound="no_ammo_01" bulletType="1" bulletSpeed="3000"
				damage="1" cannonLength="50" recoil="1" thrust="200" size="64"
				proba="1">

				<vecteur use="handPosL" x="-25" y="6" />
				<vecteur use="handPosR" x="3" y="3" />
			</gun>
			<shotgun name="shotgun" weight="100"
				pathSprite="data/weapons/shotgun1.png" soundPickup="GunCock_02"
				cooldown="1.2" uses="6" animPath="" warmupDuration="0"
				soundWarmup="" bangSound="bang_shotgun_01" noAmmoSound="no_ammo_01"
				multiShot="25" dispersion="0.3" bulletType="0" bulletSpeed="3200"
				damage="2" cannonLength="60" recoil="2" thrust="2500" size="2"
				proba="1">

				<vecteur use="handPosL" x="15" y="0" />
				<vecteur use="handPosR" x="5" y="0" />
			</shotgun>
			<entities>
				<mesh src="data/meshes/item_pickup/weapon_pickup.obj">
					<vecteur use="position" x="0" y="40" z="0" />
					<vecteur use="rotation" x="0" y="0" z="0" w="1" />
					<vecteur use="scale" x="35" y="35" z="35" />
				</mesh>
			</entities>
      
    </spawn>
    <spawn cooldown="5" spawnperso="true">
      <vecteur x="2155.0" y="570.0"/>
      			<gun name="Minigun" weight="43"
				pathSprite="data/weapons/Minigun_1.png" soundPickup="GunCock_02"
				cooldown="0.03" uses="350" animPath="" warmupDuration="0.25"
				soundWarmup="warmup_minigun_01" bangSound="Bang1"
				noAmmoSound="no_ammo_01" bulletType="0" bulletSpeed="3500"
				damage="1" cannonLength="100" recoil="0.2" thrust="275" size="64"
				proba="1">

				<vecteur use="handPosL" x="-25" y="6" />
				<vecteur use="handPosR" x="3" y="3" />
			</gun>
			<gun name="assault" weight="43"
				pathSprite="data/weapons/Assaut_1.png" soundPickup="GunCock_01"
				cooldown="0.09" uses="100" animPath="" warmupDuration="0"
				soundWarmup="" bangSound="bang_tommy_gun_01"
				noAmmoSound="no_ammo_01" bulletType="0" bulletSpeed="3500"
				damage="1" cannonLength="58" recoil="1.6" thrust="200" size="64"
				proba="1">

				<vecteur use="handPosL" x="-25" y="8" />
				<vecteur use="handPosR" x="3" y="4" />
			</gun>
			<gun name="ion" weight="50"
				pathSprite="data/weapons/RayGun1_tr.png" soundPickup="GunCock_03"
				cooldown="0.12" uses="100" animPath="" warmupDuration="0.8"
				soundWarmup="IonCharge3" bangSound="BangIonGun"
				noAmmoSound="no_ammo_01" bulletType="1" bulletSpeed="3000"
				damage="1" cannonLength="50" recoil="1" thrust="200" size="64"
				proba="1">

				<vecteur use="handPosL" x="-25" y="6" />
				<vecteur use="handPosR" x="3" y="3" />
			</gun>
			<shotgun name="shotgun" weight="100"
				pathSprite="data/weapons/shotgun1.png" soundPickup="GunCock_02"
				cooldown="1.2" uses="6" animPath="" warmupDuration="0"
				soundWarmup="" bangSound="bang_shotgun_01" noAmmoSound="no_ammo_01"
				multiShot="25" dispersion="0.3" bulletType="0" bulletSpeed="3200"
				damage="2" cannonLength="60" recoil="2" thrust="2500" size="2"
				proba="1">

				<vecteur use="handPosL" x="15" y="0" />
				<vecteur use="handPosR" x="5" y="0" />
			</shotgun>
			<entities>
				<mesh src="data/meshes/item_pickup/weapon_pickup.obj">
					<vecteur use="position" x="0" y="40" z="0" />
					<vecteur use="rotation" x="0" y="0" z="0" w="1" />
					<vecteur use="scale" x="35" y="35" z="35" />
				</mesh>
			</entities>
      
    </spawn>
    <spawn cooldown="5" spawnperso="true">
      <vecteur x="835.0" y="940.0"/>
    </spawn>
    <spawn cooldown="5" spawnperso="true">
      <vecteur x="1505.0" y="750.0"/>
    </spawn>
    <spawn cooldown="5" spawnperso="true">
      <vecteur x="185.0" y="1000.0"/>
    </spawn>
    <spawn cooldown="5" spawnperso="true">
      <vecteur x="2145.0" y="280.0"/>
    </spawn>
    <spawn cooldown="5" spawnperso="true">
      <vecteur x="395.0" y="430.0"/>
    </spawn>
    <spawn cooldown="5" spawnperso="true">
      <vecteur x="2155.0" y="1010.0"/>
    </spawn>
    <spawn cooldown="5" spawnperso="true">
      <vecteur x="915.0" y="250.0"/>
    </spawn>
    <spawn cooldown="5" spawnperso="true">
      <vecteur x="905.0" y="560.0"/>
    </spawn>
    <gravity>
      <vecteur x="0.0" y="9.807"/>
    </gravity>
    <cameraBound w="1000" x="-5000" y="-1000" z="5000" />
    <sky>
      <vecteur use="top" x="0.0" y="0.0" z="0.0"/>
      <vecteur use="bottom" x="0.20000000298023224" y="0.3019607961177826" z="0.7019608020782471"/>
    </sky>
  </information>
  <entities>
    <entity name="Spatial_1547897621923" /><entity name="Entity_1547897616554" /><plateform name="Platform_1547897491953">
      <vecteur use="position" x="100.0" y="1150.0"/>
      <vecteur use="extent" x="100.0" y="10.0"/>
    </plateform>
    <plateform name="Platform_1547897311449">
      <vecteur use="position" x="840.0" y="360.0"/>
      <vecteur use="extent" x="150.0" y="10.0"/>
    </plateform>
    <plateform name="Platform_1547897411781">
      <vecteur use="position" x="1480.0" y="1340.0"/>
      <vecteur use="extent" x="150.0" y="10.0"/>
    </plateform>
    <plateform name="Platform_1547897485036">
      <vecteur use="position" x="240.0" y="1130.0"/>
      <vecteur use="extent" x="150.0" y="10.0"/>
    </plateform>
    <plateform name="Platform_1547897566262">
      <vecteur use="position" x="2200.0" y="1140.0"/>
      <vecteur use="extent" x="150.0" y="10.0"/>
    </plateform>
    <plateform name="Platform_1547897327883">
      <vecteur use="position" x="840.0" y="110.0"/>
      <vecteur use="extent" x="150.0" y="10.0"/>
    </plateform>
    <plateform name="Platform_1547897363102">
      <vecteur use="position" x="980.0" y="450.0"/>
      <vecteur use="extent" x="10.0" y="350.0"/>
    </plateform>
    <plateform name="Platform_1547897298967">
      <vecteur use="position" x="150.0" y="200.0"/>
      <vecteur use="extent" x="150.0" y="10.0"/>
    </plateform>
    <plateform name="Platform_1547897535442">
      <vecteur use="position" x="2210.0" y="120.0"/>
      <vecteur use="extent" x="150.0" y="10.0"/>
    </plateform>
    <plateform name="Platform_1547897570532">
      <vecteur use="position" x="2200.0" y="1410.0"/>
      <vecteur use="extent" x="150.0" y="10.0"/>
    </plateform>
    <plateform name="Platform_1547897509538">
      <vecteur use="position" x="10.0" y="940.0"/>
      <vecteur use="extent" x="10.0" y="750.0"/>
    </plateform>
    <plateform name="Platform_1547897440094">
      <vecteur use="position" x="1490.0" y="920.0"/>
      <vecteur use="extent" x="150.0" y="10.0"/>
    </plateform>
    <plateform name="Platform_1547897338497">
      <vecteur use="position" x="840.0" y="680.0"/>
      <vecteur use="extent" x="150.0" y="10.0"/>
    </plateform>
    <plateform name="Platform_1547897542622">
      <vecteur use="position" x="2210.0" y="410.0"/>
      <vecteur use="extent" x="150.0" y="10.0"/>
    </plateform>
    <plateform name="Platform_1547897433832">
      <vecteur use="position" x="840.0" y="1090.0"/>
      <vecteur use="extent" x="150.0" y="10.0"/>
    </plateform>
    <plateform name="Platform_1547897452206">
      <vecteur use="position" x="980.0" y="1340.0"/>
      <vecteur use="extent" x="10.0" y="250.0"/>
    </plateform>
    <plateform name="Platform_1547897545632">
      <vecteur use="position" x="2200.0" y="710.0"/>
      <vecteur use="extent" x="150.0" y="10.0"/>
    </plateform>
    
    <plateform name="Platform_1547897305864">
      <vecteur use="position" x="460.0" y="510.0"/>
      <vecteur use="extent" x="150.0" y="10.0"/>
    </plateform>
    
    <plateform name="Platform_1547897478827">
      <vecteur use="position" x="540.0" y="1110.0"/>
      <vecteur use="extent" x="150.0" y="10.0"/>
    </plateform>
    <plateform name="Platform_1547897548920">
      <vecteur use="position" x="2350.0" y="860.0"/>
      <vecteur use="extent" x="10.0" y="750.0"/>
    </plateform>
  </entities>
</map>
