<?xml version="1.0" encoding="UTF-8" standalone="no"?>
<!DOCTYPE map SYSTEM "mapDTD.dtd" >
<map>
  <information>
    <spawn cooldown="4" spawnperso="true">
      <vecteur x="115.0" y="540.0"/>
      			<gun name="Minigun" weight="43"
				pathSprite="data/weapons/Minigun_1.png" soundPickup="GunCock_02"
				cooldown="0.03" uses="350" animPath="" warmupDuration="0.25"
				soundWarmup="warmup_minigun_01" bangSound="Bang1"
				noAmmoSound="no_ammo_01" bulletType="0" bulletSpeed="3500"
				damage="1" cannonLength="100" recoil="0.2" thrust="275" size="64"
				proba="1">

				<vecteur use="handPosL" x="-25" y="6" />
				<vecteur use="handPosR" x="3" y="3" />
			</gun>
			<gun name="assault" weight="43"
				pathSprite="data/weapons/Assaut_1.png" soundPickup="GunCock_01"
				cooldown="0.09" uses="100" animPath="" warmupDuration="0"
				soundWarmup="" bangSound="bang_tommy_gun_01"
				noAmmoSound="no_ammo_01" bulletType="0" bulletSpeed="3500"
				damage="1" cannonLength="58" recoil="1.6" thrust="200" size="64"
				proba="1">

				<vecteur use="handPosL" x="-25" y="8" />
				<vecteur use="handPosR" x="3" y="4" />
			</gun>
			<gun name="ion" weight="50"
				pathSprite="data/weapons/RayGun1_tr.png" soundPickup="GunCock_03"
				cooldown="0.12" uses="100" animPath="" warmupDuration="0.8"
				soundWarmup="IonCharge3" bangSound="BangIonGun"
				noAmmoSound="no_ammo_01" bulletType="1" bulletSpeed="3000"
				damage="1" cannonLength="50" recoil="1" thrust="200" size="64"
				proba="1">

				<vecteur use="handPosL" x="-25" y="6" />
				<vecteur use="handPosR" x="3" y="3" />
			</gun>
			<shotgun name="shotgun" weight="100"
				pathSprite="data/weapons/shotgun1.png" soundPickup="GunCock_02"
				cooldown="1.2" uses="6" animPath="" warmupDuration="0"
				soundWarmup="" bangSound="bang_shotgun_01" noAmmoSound="no_ammo_01"
				multiShot="25" dispersion="0.3" bulletType="0" bulletSpeed="3200"
				damage="2" cannonLength="60" recoil="2" thrust="2500" size="2"
				proba="1">

				<vecteur use="handPosL" x="15" y="0" />
				<vecteur use="handPosR" x="5" y="0" />
			</shotgun>
			<entities>
				<mesh src="data/meshes/item_pickup/weapon_pickup.obj">
					<vecteur use="position" x="0" y="40" z="0" />
					<vecteur use="rotation" x="0" y="0" z="0" w="1" />
					<vecteur use="scale" x="35" y="35" z="35" />
				</mesh>
			</entities>
      
    </spawn>
    <spawn cooldown="4" spawnperso="true">
      <vecteur x="135.0" y="1520.0"/>
      			<gun name="Minigun" weight="43"
				pathSprite="data/weapons/Minigun_1.png" soundPickup="GunCock_02"
				cooldown="0.03" uses="350" animPath="" warmupDuration="0.25"
				soundWarmup="warmup_minigun_01" bangSound="Bang1"
				noAmmoSound="no_ammo_01" bulletType="0" bulletSpeed="3500"
				damage="1" cannonLength="100" recoil="0.2" thrust="275" size="64"
				proba="1">

				<vecteur use="handPosL" x="-25" y="6" />
				<vecteur use="handPosR" x="3" y="3" />
			</gun>
			<gun name="assault" weight="43"
				pathSprite="data/weapons/Assaut_1.png" soundPickup="GunCock_01"
				cooldown="0.09" uses="100" animPath="" warmupDuration="0"
				soundWarmup="" bangSound="bang_tommy_gun_01"
				noAmmoSound="no_ammo_01" bulletType="0" bulletSpeed="3500"
				damage="1" cannonLength="58" recoil="1.6" thrust="200" size="64"
				proba="1">

				<vecteur use="handPosL" x="-25" y="8" />
				<vecteur use="handPosR" x="3" y="4" />
			</gun>
			<gun name="ion" weight="50"
				pathSprite="data/weapons/RayGun1_tr.png" soundPickup="GunCock_03"
				cooldown="0.12" uses="100" animPath="" warmupDuration="0.8"
				soundWarmup="IonCharge3" bangSound="BangIonGun"
				noAmmoSound="no_ammo_01" bulletType="1" bulletSpeed="3000"
				damage="1" cannonLength="50" recoil="1" thrust="200" size="64"
				proba="1">

				<vecteur use="handPosL" x="-25" y="6" />
				<vecteur use="handPosR" x="3" y="3" />
			</gun>
			<shotgun name="shotgun" weight="100"
				pathSprite="data/weapons/shotgun1.png" soundPickup="GunCock_02"
				cooldown="1.2" uses="6" animPath="" warmupDuration="0"
				soundWarmup="" bangSound="bang_shotgun_01" noAmmoSound="no_ammo_01"
				multiShot="25" dispersion="0.3" bulletType="0" bulletSpeed="3200"
				damage="2" cannonLength="60" recoil="2" thrust="2500" size="2"
				proba="1">

				<vecteur use="handPosL" x="15" y="0" />
				<vecteur use="handPosR" x="5" y="0" />
			</shotgun>
			<entities>
				<mesh src="data/meshes/item_pickup/weapon_pickup.obj">
					<vecteur use="position" x="0" y="40" z="0" />
					<vecteur use="rotation" x="0" y="0" z="0" w="1" />
					<vecteur use="scale" x="35" y="35" z="35" />
				</mesh>
			</entities>
      
    </spawn>
    <spawn cooldown="4" spawnperso="true">
      <vecteur x="1115.0" y="1550.0"/>
    </spawn>
    <spawn cooldown="4" spawnperso="true">
      <vecteur x="2465.0" y="1550.0"/>
    </spawn>
    <spawn cooldown="4" spawnperso="true">
      <vecteur x="2995.0" y="140.0"/>
    </spawn>
    <spawn cooldown="4" spawnperso="true">
      <vecteur x="1145.0" y="2110.0"/>
    </spawn>
    <spawn cooldown="4" spawnperso="true">
      <vecteur x="2825.0" y="1550.0"/>
    </spawn>
    <spawn cooldown="4" spawnperso="true">
      <vecteur x="1945.0" y="1550.0"/>
    </spawn>
    <spawn cooldown="4" spawnperso="true">
      <vecteur x="215.0" y="2040.0"/>
    </spawn>
    <spawn cooldown="4" spawnperso="true">
      <vecteur x="1465.0" y="1120.0"/>
    </spawn>
    <spawn cooldown="4" spawnperso="true">
      <vecteur x="2675.0" y="940.0"/>
    </spawn>
    <spawn cooldown="4" spawnperso="true">
      <vecteur x="1965.0" y="790.0"/>
    </spawn>
    <spawn cooldown="4" spawnperso="true">
      <vecteur x="2265.0" y="510.0"/>
    </spawn>
    <spawn cooldown="4" spawnperso="true">
      <vecteur x="705.0" y="1170.0"/>
    </spawn>
    <gravity>
      <vecteur x="0.0" y="9.807"/>
    </gravity>
    <cameraBound w="1000" x="-5000" y="-1000" z="5000" />
    <sky>
      <vecteur use="top" x="1.0" y="1.0" z="1.0"/>
      <vecteur use="bottom" x="1.0" y="1.0" z="1.0"/>
    </sky>
  </information>
  <entities>
    <plateform name="Platform_1548166385451">
      <vecteur use="position" x="1500.0" y="2240.0"/>
      <vecteur use="extent" x="1500.0" y="10.0"/>
    </plateform>
    <plateform name="Platform_1548166533656">
      <vecteur use="position" x="150.0" y="1670.0"/>
      <vecteur use="extent" x="150.0" y="10.0"/>
    </plateform>
    <plateform name="Platform_1548166741162">
      <vecteur use="position" x="2300.0" y="620.0"/>
      <vecteur use="extent" x="150.0" y="10.0"/>
    </plateform>
    <plateform name="Platform_1548166713349">
      <vecteur use="position" x="530.0" y="2010.0"/>
      <vecteur use="extent" x="150.0" y="10.0"/>
    </plateform>
    <plateform name="Platform_1548166723576">
      <vecteur use="position" x="1980.0" y="960.0"/>
      <vecteur use="extent" x="150.0" y="10.0"/>
    </plateform>
    <plateform name="Platform_1548166795441">
      <vecteur use="position" x="670.0" y="1320.0"/>
      <vecteur use="extent" x="150.0" y="10.0"/>
    </plateform>
    <plateform name="Platform_1548166596679">
      <vecteur use="position" x="3005.0" y="1240.0"/>
      <vecteur use="extent" x="5.0" y="1000.0"/>
    </plateform>
    <plateform name="Platform_1548166725348">
      <vecteur use="position" x="2690.0" y="1140.0"/>
      <vecteur use="extent" x="150.0" y="10.0"/>
    </plateform>
    <plateform name="Platform_1548166431420">
      <vecteur use="position" x="150.0" y="770.0"/>
      <vecteur use="extent" x="150.0" y="10.0"/>
    </plateform>
    <plateform name="Platform_1548166526776">
      <vecteur use="position" x="1510.0" y="1730.0"/>
      <vecteur use="extent" x="200.0" y="500.0"/>
    </plateform>
    <plateform name="Platform_1548166528926">
      <vecteur use="position" x="2370.0" y="1740.0"/>
      <vecteur use="extent" x="1500.0" y="10.0"/>
    </plateform>
  </entities>
</map>
