<?xml version="1.0" encoding="UTF-8" standalone="no"?>
<!DOCTYPE map SYSTEM "mapDTD.dtd">
<map>
  <information>
    <spawn cooldown="4" spawnperso="true">
      <vecteur x="2225.0" y="1600.0"/>
      <gun name="Minigun" weight="43"
				pathSprite="data/weapons/Minigun_1.png" soundPickup="GunCock_02"
				cooldown="0.03" uses="350" animPath="" warmupDuration="0.25"
				soundWarmup="warmup_minigun_01" bangSound="Bang1"
				noAmmoSound="no_ammo_01" bulletType="0" bulletSpeed="3500"
				damage="1" cannonLength="100" recoil="0.2" thrust="275" size="64"
				proba="1">

				<vecteur use="handPosL" x="-25" y="6" />
				<vecteur use="handPosR" x="3" y="3" />
			</gun>
			<gun name="assault" weight="43"
				pathSprite="data/weapons/Assaut_1.png" soundPickup="GunCock_01"
				cooldown="0.09" uses="100" animPath="" warmupDuration="0"
				soundWarmup="" bangSound="bang_tommy_gun_01"
				noAmmoSound="no_ammo_01" bulletType="0" bulletSpeed="3500"
				damage="1" cannonLength="58" recoil="1.6" thrust="200" size="64"
				proba="1">

				<vecteur use="handPosL" x="-25" y="8" />
				<vecteur use="handPosR" x="3" y="4" />
			</gun>
			<gun name="ion" weight="50"
				pathSprite="data/weapons/RayGun1_tr.png" soundPickup="GunCock_03"
				cooldown="0.12" uses="100" animPath="" warmupDuration="0.8"
				soundWarmup="IonCharge3" bangSound="BangIonGun"
				noAmmoSound="no_ammo_01" bulletType="1" bulletSpeed="3000"
				damage="1" cannonLength="50" recoil="1" thrust="200" size="64"
				proba="1">

				<vecteur use="handPosL" x="-25" y="6" />
				<vecteur use="handPosR" x="3" y="3" />
			</gun>
			<shotgun name="shotgun" weight="100"
				pathSprite="data/weapons/shotgun1.png" soundPickup="GunCock_02"
				cooldown="1.2" uses="6" animPath="" warmupDuration="0"
				soundWarmup="" bangSound="bang_shotgun_01" noAmmoSound="no_ammo_01"
				multiShot="25" dispersion="0.3" bulletType="0" bulletSpeed="3200"
				damage="2" cannonLength="60" recoil="2" thrust="2500" size="2"
				proba="1">

				<vecteur use="handPosL" x="15" y="0" />
				<vecteur use="handPosR" x="5" y="0" />
			</shotgun>
			<entities>
				<mesh src="data/meshes/item_pickup/weapon_pickup.obj">
					<vecteur use="position" x="0" y="40" z="0" />
					<vecteur use="rotation" x="0" y="0" z="0" w="1" />
					<vecteur use="scale" x="35" y="35" z="35" />
				</mesh>
			</entities>
      
      
    </spawn>
    <spawn cooldown="4" spawnperso="true">
      <vecteur x="1115.0" y="1990.0"/>
    </spawn>
    <spawn cooldown="4" spawnperso="true">
      <vecteur x="570.0" y="1600.0"/>
      <gun name="Minigun" weight="43"
				pathSprite="data/weapons/Minigun_1.png" soundPickup="GunCock_02"
				cooldown="0.03" uses="350" animPath="" warmupDuration="0.25"
				soundWarmup="warmup_minigun_01" bangSound="Bang1"
				noAmmoSound="no_ammo_01" bulletType="0" bulletSpeed="3500"
				damage="1" cannonLength="100" recoil="0.2" thrust="275" size="64"
				proba="1">

				<vecteur use="handPosL" x="-25" y="6" />
				<vecteur use="handPosR" x="3" y="3" />
			</gun>
			<gun name="assault" weight="43"
				pathSprite="data/weapons/Assaut_1.png" soundPickup="GunCock_01"
				cooldown="0.09" uses="100" animPath="" warmupDuration="0"
				soundWarmup="" bangSound="bang_tommy_gun_01"
				noAmmoSound="no_ammo_01" bulletType="0" bulletSpeed="3500"
				damage="1" cannonLength="58" recoil="1.6" thrust="200" size="64"
				proba="1">

				<vecteur use="handPosL" x="-25" y="8" />
				<vecteur use="handPosR" x="3" y="4" />
			</gun>
			<gun name="ion" weight="50"
				pathSprite="data/weapons/RayGun1_tr.png" soundPickup="GunCock_03"
				cooldown="0.12" uses="100" animPath="" warmupDuration="0.8"
				soundWarmup="IonCharge3" bangSound="BangIonGun"
				noAmmoSound="no_ammo_01" bulletType="1" bulletSpeed="3000"
				damage="1" cannonLength="50" recoil="1" thrust="200" size="64"
				proba="1">

				<vecteur use="handPosL" x="-25" y="6" />
				<vecteur use="handPosR" x="3" y="3" />
			</gun>
			<shotgun name="shotgun" weight="100"
				pathSprite="data/weapons/shotgun1.png" soundPickup="GunCock_02"
				cooldown="1.2" uses="6" animPath="" warmupDuration="0"
				soundWarmup="" bangSound="bang_shotgun_01" noAmmoSound="no_ammo_01"
				multiShot="25" dispersion="0.3" bulletType="0" bulletSpeed="3200"
				damage="2" cannonLength="60" recoil="2" thrust="2500" size="2"
				proba="1">

				<vecteur use="handPosL" x="15" y="0" />
				<vecteur use="handPosR" x="5" y="0" />
			</shotgun>
			<entities>
				<mesh src="data/meshes/item_pickup/weapon_pickup.obj">
					<vecteur use="position" x="0" y="40" z="0" />
					<vecteur use="rotation" x="0" y="0" z="0" w="1" />
					<vecteur use="scale" x="35" y="35" z="35" />
				</mesh>
			</entities>
      
    </spawn>
    <spawn cooldown="2" spawnperso="true">
      <vecteur x="915.0" y="1300.0"/>
    </spawn>
    <spawn cooldown="2" spawnperso="true">
      <vecteur x="1225.0" y="1050.0"/>
    </spawn>
    <spawn cooldown="2" spawnperso="true">
      <vecteur x="1570.0" y="1415.0"/>
    </spawn>
    <spawn cooldown="2" spawnperso="true">
      <vecteur x="2475.0" y="1945.0"/>
    </spawn>
    <spawn cooldown="2" spawnperso="true">
      <vecteur x="1990.0" y="1905.0"/>
    </spawn>
    <spawn cooldown="2" spawnperso="true">
      <vecteur x="1800.0" y="2350.0"/>
    </spawn>
    <spawn cooldown="2" spawnperso="true">
      <vecteur x="1550.0" y="2025.0"/>
    </spawn>
    <spawn cooldown="2" spawnperso="true">
      <vecteur x="1420.0" y="1875.0"/>
    </spawn>
    <spawn cooldown="2" spawnperso="true">
      <vecteur x="845.0" y="2290.0"/>
    </spawn>
    <gravity>
      <vecteur x="0.0" y="9.807"/>
    </gravity>
    <cameraBound w="1000" x="-5000" y="-1000" z="5000"/>
    <sky>
      <vecteur use="top" x="1.0" y="1.0" z="1.0"/>
      <vecteur use="bottom" x="1.0" y="1.0" z="1.0"/>
    </sky>
  </information>
  <entities>
    <plateform name="Platform_113175956233313">
      <vecteur use="position" x="940.0" y="1490.0"/>
      <vecteur use="extent" x="150.0" y="10.0"/>
    </plateform>
    <plateform name="Platform_113425812522583">
      <vecteur use="position" x="1930.0" y="2540.0"/>
      <vecteur use="extent" x="150.0" y="10.0"/>
    </plateform>
    <plateform name="Platform_113509739724328">
      <vecteur use="position" x="2455.0" y="2065.0"/>
      <vecteur use="extent" x="360.0" y="10.0"/>
    </plateform>
    <plateform name="Platform_113391316042807">
      <vecteur use="position" x="1235.0" y="1215.0"/>
      <vecteur use="extent" x="150.0" y="10.0"/>
    </plateform>
    <plateform name="Platform_113439352568601">
      <vecteur use="position" x="560.0" y="2120.0"/>
      <vecteur use="extent" x="150.0" y="360.0"/>
    </plateform>
    <plateform name="Platform_113180521893565">
      <vecteur use="position" x="2200.0" y="1720.0"/>
      <vecteur use="extent" x="150.0" y="10.0"/>
    </plateform>
    <plateform name="Platform_113479768999008">
      <vecteur use="position" x="1175.0" y="2115.0"/>
      <vecteur use="extent" x="150.0" y="10.0"/>
    </plateform>
    <plateform name="Platform_113526745856775">
      <vecteur use="position" x="860.0" y="2470.0"/>
      <vecteur use="extent" x="350.0" y="10.0"/>
    </plateform>
    <plateform name="Platform_113173857710603">
      <vecteur use="position" x="1360.0" y="2430.0"/>
      <vecteur use="extent" x="150.0" y="360.0"/>
    </plateform>
    <plateform name="Platform_113412916178184">
      <vecteur use="position" x="1460.0" y="2220.0"/>
      <vecteur use="extent" x="150.0" y="10.0"/>
    </plateform>
    <plateform name="Platform_113483628327390">
      <vecteur use="position" x="2100.0" y="2080.0"/>
      <vecteur use="extent" x="50.0" y="360.0"/>
    </plateform>
    <plateform name="Platform_113404343179708">
      <vecteur use="position" x="2000.0" y="2440.0"/>
      <vecteur use="extent" x="150.0" y="360.0"/>
    </plateform>
    <plateform name="Platform_113454013179561">
      <vecteur use="position" x="1265.0" y="1890.0"/>
      <vecteur use="extent" x="5.0" y="360.0"/>
    </plateform>
    <plateform name="Platform_113392844055930">
      <vecteur use="position" x="1590.0" y="1520.0"/>
      <vecteur use="extent" x="150.0" y="10.0"/>
    </plateform>
  </entities>
</map>
