<?xml version="1.0" encoding="UTF-8" standalone="no"?>
<!DOCTYPE map SYSTEM "mapDTD.dtd">
<map>
	<information>
		<spawn cooldown="4" spawnperso="true">
			<vecteur x="95.0" y="820.0" />
			<gun name="Minigun" weight="43"
				pathSprite="data/weapons/Minigun_1.png" soundPickup="GunCock_02"
				cooldown="0.03" uses="350" animPath="" warmupDuration="0.25"
				soundWarmup="warmup_minigun_01" bangSound="Bang1"
				noAmmoSound="no_ammo_01" bulletType="0" bulletSpeed="3500"
				damage="1" cannonLength="100" recoil="0.2" thrust="275" size="64"
				proba="1">

				<vecteur use="handPosL" x="-25" y="6" />
				<vecteur use="handPosR" x="3" y="3" />
			</gun>
			<gun name="assault" weight="43"
				pathSprite="data/weapons/Assaut_1.png" soundPickup="GunCock_01"
				cooldown="0.09" uses="100" animPath="" warmupDuration="0"
				soundWarmup="" bangSound="bang_tommy_gun_01"
				noAmmoSound="no_ammo_01" bulletType="0" bulletSpeed="3500"
				damage="1" cannonLength="58" recoil="1.6" thrust="200" size="64"
				proba="1">

				<vecteur use="handPosL" x="-25" y="8" />
				<vecteur use="handPosR" x="3" y="4" />
			</gun>
			<gun name="ion" weight="50"
				pathSprite="data/weapons/RayGun1_tr.png" soundPickup="GunCock_03"
				cooldown="0.12" uses="100" animPath="" warmupDuration="0.8"
				soundWarmup="IonCharge3" bangSound="BangIonGun"
				noAmmoSound="no_ammo_01" bulletType="1" bulletSpeed="3000"
				damage="1" cannonLength="50" recoil="1" thrust="200" size="64"
				proba="1">

				<vecteur use="handPosL" x="-25" y="6" />
				<vecteur use="handPosR" x="3" y="3" />
			</gun>
			<shotgun name="shotgun" weight="100"
				pathSprite="data/weapons/shotgun1.png" soundPickup="GunCock_02"
				cooldown="1.2" uses="6" animPath="" warmupDuration="0"
				soundWarmup="" bangSound="bang_shotgun_01" noAmmoSound="no_ammo_01"
				multiShot="25" dispersion="0.3" bulletType="0" bulletSpeed="3200"
				damage="2" cannonLength="60" recoil="2" thrust="2500" size="2"
				proba="1">

				<vecteur use="handPosL" x="15" y="0" />
				<vecteur use="handPosR" x="5" y="0" />
			</shotgun>
			<entities>
				<mesh src="data/meshes/item_pickup/weapon_pickup.obj">
					<vecteur use="position" x="0" y="40" z="0" />
					<vecteur use="rotation" x="0" y="0" z="0" w="1" />
					<vecteur use="scale" x="35" y="35" z="35" />
				</mesh>
			</entities>
			
		</spawn>
		<spawn cooldown="4" spawnperso="true">
			<vecteur x="3515.0" y="640.0" />
			<gun name="Minigun" weight="43"
				pathSprite="data/weapons/Minigun_1.png" soundPickup="GunCock_02"
				cooldown="0.03" uses="350" animPath="" warmupDuration="0.25"
				soundWarmup="warmup_minigun_01" bangSound="Bang1"
				noAmmoSound="no_ammo_01" bulletType="0" bulletSpeed="3500"
				damage="1" cannonLength="100" recoil="0.2" thrust="275" size="64"
				proba="1">

				<vecteur use="handPosL" x="-25" y="6" />
				<vecteur use="handPosR" x="3" y="3" />
			</gun>
			<gun name="assault" weight="43"
				pathSprite="data/weapons/Assaut_1.png" soundPickup="GunCock_01"
				cooldown="0.09" uses="100" animPath="" warmupDuration="0"
				soundWarmup="" bangSound="bang_tommy_gun_01"
				noAmmoSound="no_ammo_01" bulletType="0" bulletSpeed="3500"
				damage="1" cannonLength="58" recoil="1.6" thrust="200" size="64"
				proba="1">

				<vecteur use="handPosL" x="-25" y="8" />
				<vecteur use="handPosR" x="3" y="4" />
			</gun>
			<gun name="ion" weight="50"
				pathSprite="data/weapons/RayGun1_tr.png" soundPickup="GunCock_03"
				cooldown="0.12" uses="100" animPath="" warmupDuration="0.8"
				soundWarmup="IonCharge3" bangSound="BangIonGun"
				noAmmoSound="no_ammo_01" bulletType="1" bulletSpeed="3000"
				damage="1" cannonLength="50" recoil="1" thrust="200" size="64"
				proba="1">

				<vecteur use="handPosL" x="-25" y="6" />
				<vecteur use="handPosR" x="3" y="3" />
			</gun>
			<shotgun name="shotgun" weight="100"
				pathSprite="data/weapons/shotgun1.png" soundPickup="GunCock_02"
				cooldown="1.2" uses="6" animPath="" warmupDuration="0"
				soundWarmup="" bangSound="bang_shotgun_01" noAmmoSound="no_ammo_01"
				multiShot="25" dispersion="0.3" bulletType="0" bulletSpeed="3200"
				damage="2" cannonLength="60" recoil="2" thrust="2500" size="2"
				proba="1">

				<vecteur use="handPosL" x="15" y="0" />
				<vecteur use="handPosR" x="5" y="0" />
			</shotgun>
			<entities>
				<mesh src="data/meshes/item_pickup/weapon_pickup.obj">
					<vecteur use="position" x="0" y="40" z="0" />
					<vecteur use="rotation" x="0" y="0" z="0" w="1" />
					<vecteur use="scale" x="35" y="35" z="35" />
				</mesh>
			</entities>
			
		</spawn>
		<spawn cooldown="4" spawnperso="true">
			<vecteur x="820.0" y="2958.0" />
		</spawn>
		<spawn cooldown="4" spawnperso="true">
			<vecteur x="194.0" y="2632.0" />
		</spawn>
		<spawn cooldown="4" spawnperso="true">
			<vecteur x="775.0" y="890.0" />
		</spawn>
		<spawn cooldown="4" spawnperso="true">
			<vecteur x="4175.0" y="4360.0" />
		</spawn>
		<spawn cooldown="4" spawnperso="true">
			<vecteur x="4530.0" y="4105.0" />
		</spawn>
		<spawn cooldown="4" spawnperso="true">
			<vecteur x="4735.0" y="3775.0" />
		</spawn>
		<spawn cooldown="4" spawnperso="true">
			<vecteur x="2345.0" y="2760.0" />
		</spawn>
		<spawn cooldown="4" spawnperso="true">
			<vecteur x="2655.0" y="2480.0" />
		</spawn>
		<spawn cooldown="4" spawnperso="true">
			<vecteur x="1960.0" y="285.0" />
		</spawn>
		<spawn cooldown="4" spawnperso="true">
			<vecteur x="1445.0" y="1250.0" />
		</spawn>
		<spawn cooldown="4" spawnperso="true">
			<vecteur x="1345.0" y="875.0" />
		</spawn>
		<spawn cooldown="4" spawnperso="true">
			<vecteur x="2635.0" y="440.0" />
		</spawn>
		<gravity>
			<vecteur x="0.0" y="9.807" />
		</gravity>
		<cameraBound w="1000" x="-5000" y="-1000" z="5000" />
		<sky>
			<vecteur use="top" x="1.0" y="1.0" z="1.0" />
			<vecteur use="bottom" x="1.0" y="1.0" z="1.0" />
		</sky>
	</information>
	<entities>
		<plateform name="Platform_277117805334222">
			<vecteur use="position" x="2660.0" y="2570.0" />
			<vecteur use="extent" x="150.0" y="10.0" />
		</plateform>
		<plateform name="Platform_277373236436444">
			<vecteur use="position" x="4180.0" y="24510.0" />
			<vecteur use="extent" x="150.0" y="10.0" />
		</plateform>
		<plateform name="Platform_276275622934666">
			<vecteur use="position" x="1355.0" y="3180.0" />
			<vecteur use="extent" x="1355.0" y="10.0" />
		</plateform>
		<plateform name="Platform_276958683293777">
			<vecteur use="position" x="4190.0" y="4510.0" />
			<vecteur use="extent" x="350.0" y="10.0" />
		</plateform>
		<plateform name="Platform_276931253931555">
			<vecteur use="position" x="3395.0" y="3220.0" />
			<vecteur use="extent" x="945.0" y="10.0" />
		</plateform>
		<plateform name="Platform_276986235700444">
			<vecteur use="position" x="4590.0" y="4210.0" />
			<vecteur use="extent" x="150.0" y="10.0" />
		</plateform>
		<plateform name="Platform_277197074033777">
			<vecteur use="position" x="1190.0" y="1007.5" />
			<vecteur use="extent" x="10.0" y="37.5" />
		</plateform>
		<plateform name="Platform_276990662771555">
			<vecteur use="position" x="4490.0" y="4360.0" />
			<vecteur use="extent" x="10.0" y="150.0" />
		</plateform>
		<plateform name="Platform_276999440802666">
			<vecteur use="position" x="4650.0" y="4050.0" />
			<vecteur use="extent" x="10.0" y="150.0" />
		</plateform>
		<plateform name="Platform_277156729394666">
			<vecteur use="position" x="1280.0" y="1200.0" />
			<vecteur use="extent" x="10.0" y="150.0" />
		</plateform>
		<plateform name="Platform_277061140048444">
			<vecteur use="position" x="4205.0" y="14510.0" />
			<vecteur use="extent" x="25.0" y="10000.0" />
		</plateform>
		<plateform name="Platform_276454858044444">
			<vecteur use="position" x="3695.0" y="750.0" />
			<vecteur use="extent" x="475.0" y="10.0" />
		</plateform>
		<plateform name="Platform_276621711131111">
			<vecteur use="position" x="2535.0" y="1640.0" />
			<vecteur use="extent" x="1255.0" y="10.0" />
		</plateform>
		<plateform name="Platform_276852038009333">
			<vecteur use="position" x="2880.0" y="3810.0" />
			<vecteur use="extent" x="900.0" y="10.0" />
		</plateform>
		<plateform name="Platform_275877606885333">
			<vecteur use="position" x="1050.0" y="970.0" />
			<vecteur use="extent" x="150.0" y="10.0" />
		</plateform>
		<plateform name="Platform_276994524930666">
			<vecteur use="position" x="4730.0" y="3890.0" />
			<vecteur use="extent" x="150.0" y="10.0" />
		</plateform>
		<plateform name="Platform_276065182330222">
			<vecteur use="position" x="150.0" y="950.0" />
			<vecteur use="extent" x="150.0" y="10.0" />
		</plateform>
		<plateform name="Platform_275979524892000">
			<vecteur use="position" x="450.0" y="970.0" />
			<vecteur use="extent" x="150.0" y="10.0" />
		</plateform>
		<plateform name="Platform_275954687360444">
			<vecteur use="position" x="750.0" y="990.0" />
			<vecteur use="extent" x="150.0" y="10.0" />
		</plateform>
		<plateform name="Platform_276535064692444">
			<vecteur use="position" x="350.0" y="2810.0" />
			<vecteur use="extent" x="350.0" y="10.0" />
		</plateform>
		<plateform name="Platform_277187150595555">
			<vecteur use="position" x="1280.0" y="1050.0" />
			<vecteur use="extent" x="150.0" y="10.0" />
		</plateform>
		<entity name="Spatial_276954739176888" />
		<plateform name="Platform_276557130948000">
			<vecteur use="position" x="5.0" y="2995.0" />
			<vecteur use="extent" x="5.0" y="175.0" />
		</plateform>
		<plateform name="Platform_277154540637777">
			<vecteur use="position" x="1420.0" y="1350.0" />
			<vecteur use="extent" x="150.0" y="10.0" />
		</plateform>
	</entities>
</map>
