<?xml version="1.0" encoding="UTF-8"?>
<!DOCTYPE map SYSTEM "mapDTD.dtd" >
<map>
  <information>
    <spawn cooldown="3" spawnperso="true" >
      <vecteur x="1435.0" y="640.0"/>
      			<gun name="Minigun" weight="43"
				pathSprite="data/weapons/Minigun_1.png" soundPickup="GunCock_02"
				cooldown="0.03" uses="350" animPath="" warmupDuration="0.25"
				soundWarmup="warmup_minigun_01" bangSound="Bang1"
				noAmmoSound="no_ammo_01" bulletType="0" bulletSpeed="3500"
				damage="1" cannonLength="100" recoil="0.2" thrust="275" size="64"
				proba="1">

				<vecteur use="handPosL" x="-25" y="6" />
				<vecteur use="handPosR" x="3" y="3" />
			</gun>
			<gun name="assault" weight="43"
				pathSprite="data/weapons/Assaut_1.png" soundPickup="GunCock_01"
				cooldown="0.09" uses="100" animPath="" warmupDuration="0"
				soundWarmup="" bangSound="bang_tommy_gun_01"
				noAmmoSound="no_ammo_01" bulletType="0" bulletSpeed="3500"
				damage="1" cannonLength="58" recoil="1.6" thrust="200" size="64"
				proba="1">

				<vecteur use="handPosL" x="-25" y="8" />
				<vecteur use="handPosR" x="3" y="4" />
			</gun>
			<gun name="ion" weight="50"
				pathSprite="data/weapons/RayGun1_tr.png" soundPickup="GunCock_03"
				cooldown="0.12" uses="100" animPath="" warmupDuration="0.8"
				soundWarmup="IonCharge3" bangSound="BangIonGun"
				noAmmoSound="no_ammo_01" bulletType="1" bulletSpeed="3000"
				damage="1" cannonLength="50" recoil="1" thrust="200" size="64"
				proba="1">

				<vecteur use="handPosL" x="-25" y="6" />
				<vecteur use="handPosR" x="3" y="3" />
			</gun>
			<shotgun name="shotgun" weight="100"
				pathSprite="data/weapons/shotgun1.png" soundPickup="GunCock_02"
				cooldown="1.2" uses="6" animPath="" warmupDuration="0"
				soundWarmup="" bangSound="bang_shotgun_01" noAmmoSound="no_ammo_01"
				multiShot="25" dispersion="0.3" bulletType="0" bulletSpeed="3200"
				damage="2" cannonLength="60" recoil="2" thrust="2500" size="2"
				proba="1">

				<vecteur use="handPosL" x="15" y="0" />
				<vecteur use="handPosR" x="5" y="0" />
			</shotgun>
			<entities>
				<mesh src="data/meshes/item_pickup/weapon_pickup.obj">
					<vecteur use="position" x="0" y="40" z="0" />
					<vecteur use="rotation" x="0" y="0" z="0" w="1" />
					<vecteur use="scale" x="35" y="35" z="35" />
				</mesh>
			</entities>
      
    </spawn>
    <spawn cooldown="3" spawnperso="true">
      <vecteur x="675.0" y="1260.0"/>
    </spawn>
    <spawn cooldown="3" spawnperso="true">
      <vecteur x="825.0" y="560.0"/>
      			<gun name="Minigun" weight="43"
				pathSprite="data/weapons/Minigun_1.png" soundPickup="GunCock_02"
				cooldown="0.03" uses="350" animPath="" warmupDuration="0.25"
				soundWarmup="warmup_minigun_01" bangSound="Bang1"
				noAmmoSound="no_ammo_01" bulletType="0" bulletSpeed="3500"
				damage="1" cannonLength="100" recoil="0.2" thrust="275" size="64"
				proba="1">

				<vecteur use="handPosL" x="-25" y="6" />
				<vecteur use="handPosR" x="3" y="3" />
			</gun>
			<gun name="assault" weight="43"
				pathSprite="data/weapons/Assaut_1.png" soundPickup="GunCock_01"
				cooldown="0.09" uses="100" animPath="" warmupDuration="0"
				soundWarmup="" bangSound="bang_tommy_gun_01"
				noAmmoSound="no_ammo_01" bulletType="0" bulletSpeed="3500"
				damage="1" cannonLength="58" recoil="1.6" thrust="200" size="64"
				proba="1">

				<vecteur use="handPosL" x="-25" y="8" />
				<vecteur use="handPosR" x="3" y="4" />
			</gun>
			<gun name="ion" weight="50"
				pathSprite="data/weapons/RayGun1_tr.png" soundPickup="GunCock_03"
				cooldown="0.12" uses="100" animPath="" warmupDuration="0.8"
				soundWarmup="IonCharge3" bangSound="BangIonGun"
				noAmmoSound="no_ammo_01" bulletType="1" bulletSpeed="3000"
				damage="1" cannonLength="50" recoil="1" thrust="200" size="64"
				proba="1">

				<vecteur use="handPosL" x="-25" y="6" />
				<vecteur use="handPosR" x="3" y="3" />
			</gun>
			<shotgun name="shotgun" weight="100"
				pathSprite="data/weapons/shotgun1.png" soundPickup="GunCock_02"
				cooldown="1.2" uses="6" animPath="" warmupDuration="0"
				soundWarmup="" bangSound="bang_shotgun_01" noAmmoSound="no_ammo_01"
				multiShot="25" dispersion="0.3" bulletType="0" bulletSpeed="3200"
				damage="2" cannonLength="60" recoil="2" thrust="2500" size="2"
				proba="1">

				<vecteur use="handPosL" x="15" y="0" />
				<vecteur use="handPosR" x="5" y="0" />
			</shotgun>
			<entities>
				<mesh src="data/meshes/item_pickup/weapon_pickup.obj">
					<vecteur use="position" x="0" y="40" z="0" />
					<vecteur use="rotation" x="0" y="0" z="0" w="1" />
					<vecteur use="scale" x="35" y="35" z="35" />
				</mesh>
			</entities>
      
    </spawn>
    <spawn cooldown="3" spawnperso="true">
      <vecteur x="225.0" y="900.0"/>
    </spawn>
    <spawn cooldown="3" spawnperso="true">
      <vecteur x="595.0" y="1260.0"/>
    </spawn>
    <spawn cooldown="3" spawnperso="true">
      <vecteur x="695.0" y="560.0"/>
    </spawn>
    <spawn cooldown="3" spawnperso="true">
      <vecteur x="125.0" y="900.0"/>
    </spawn>
    <spawn cooldown="3" spawnperso="true">
      <vecteur x="1215.0" y="1270.0"/>
    </spawn>
    <spawn cooldown="3" spawnperso="true">
      <vecteur x="1285.0" y="1270.0"/>
    </spawn>
    <spawn cooldown="3" spawnperso="true">
      <vecteur x="1595.0" y="1270.0"/>
    </spawn>
    <spawn cooldown="3" spawnperso="true">
      <vecteur x="2084.3117214597796" y="864.4609755411216"/>
    </spawn>
    <spawn cooldown="3" spawnperso="true">
      <vecteur x="1525.0" y="640.0"/>
    </spawn>
    <spawn cooldown="3" spawnperso="true">
      <vecteur x="2001.06732444804" y="854.8558528089978"/>
    </spawn>
    <spawn cooldown="3" spawnperso="true">
      <vecteur x="1505.0" y="1270.0"/>
    </spawn>
    <spawn cooldown="3" spawnperso="true">
      <vecteur x="986.1260224202905" y="1271.0778378676962"/>
    </spawn>
    <spawn cooldown="3" spawnperso="true">
      <vecteur x="1055.0" y="1270.0"/>
    </spawn>
    <gravity>
      <vecteur x="0.0" y="9.807"/>
    </gravity>
    <cameraBound w="1000" x="-5000" y="-1000" z="5000"/>
    <sky>
      <vecteur use="top" x="0" y="0" z="0"/>
      <vecteur use="bottom" x="0.70" y="0.50" z="0.50"/>
    </sky>
  </information>
  <entities>
    <plateform name="Platform_1548772891358">
      <vecteur use="position" x="150.0" y="1030.0"/>
      <vecteur use="extent" x="150.0" y="10.0"/>
    </plateform>
    <plateform name="Platform_1548773012757">
      <vecteur use="position" x="1130.0" y="1170.0"/>
      <vecteur use="extent" x="150.0" y="10.0"/>
    </plateform>
    <plateform name="Platform_1548772945560">
      <vecteur use="position" x="1130.0" y="1280.0"/>
      <vecteur use="extent" x="10.0" y="100.0"/>
    </plateform>
    <plateform name="Platform_1548772895233">
      <vecteur use="position" x="2090.0" y="1010.0"/>
      <vecteur use="extent" x="150.0" y="10.0"/>
    </plateform>
    <plateform name="Platform_1548772893309">
      <vecteur use="position" x="1480.0" y="760.0"/>
      <vecteur use="extent" x="150.0" y="10.0"/>
    </plateform>
    <plateform name="Platform_1548772795950">
      <vecteur use="position" x="1110.0" y="1370.0"/>
      <vecteur use="extent" x="600.0" y="10.0"/>
    </plateform>
    <plateform name="Platform_1548772800863">
      <vecteur use="position" x="750.0" y="690.0"/>
      <vecteur use="extent" x="150.0" y="10.0"/>
    </plateform>
  </entities>
</map>
