<?xml version="1.0" encoding="UTF-8" standalone="no"?>
<!DOCTYPE map SYSTEM "mapDTD.dtd">
<map>
  <information>
    <spawn cooldown="4" spawnperso="true">
      <vecteur x="3585.0" y="860.0"/>
      			<gun name="Minigun" weight="43"
				pathSprite="data/weapons/Minigun_1.png" soundPickup="GunCock_02"
				cooldown="0.03" uses="350" animPath="" warmupDuration="0.25"
				soundWarmup="warmup_minigun_01" bangSound="Bang1"
				noAmmoSound="no_ammo_01" bulletType="0" bulletSpeed="3500"
				damage="1" cannonLength="100" recoil="0.2" thrust="275" size="64"
				proba="1">

				<vecteur use="handPosL" x="-25" y="6" />
				<vecteur use="handPosR" x="3" y="3" />
			</gun>
			<gun name="assault" weight="43"
				pathSprite="data/weapons/Assaut_1.png" soundPickup="GunCock_01"
				cooldown="0.09" uses="100" animPath="" warmupDuration="0"
				soundWarmup="" bangSound="bang_tommy_gun_01"
				noAmmoSound="no_ammo_01" bulletType="0" bulletSpeed="3500"
				damage="1" cannonLength="58" recoil="1.6" thrust="200" size="64"
				proba="1">

				<vecteur use="handPosL" x="-25" y="8" />
				<vecteur use="handPosR" x="3" y="4" />
			</gun>
			<gun name="ion" weight="50"
				pathSprite="data/weapons/RayGun1_tr.png" soundPickup="GunCock_03"
				cooldown="0.12" uses="100" animPath="" warmupDuration="0.8"
				soundWarmup="IonCharge3" bangSound="BangIonGun"
				noAmmoSound="no_ammo_01" bulletType="1" bulletSpeed="3000"
				damage="1" cannonLength="50" recoil="1" thrust="200" size="64"
				proba="1">

				<vecteur use="handPosL" x="-25" y="6" />
				<vecteur use="handPosR" x="3" y="3" />
			</gun>
			<shotgun name="shotgun" weight="100"
				pathSprite="data/weapons/shotgun1.png" soundPickup="GunCock_02"
				cooldown="1.2" uses="6" animPath="" warmupDuration="0"
				soundWarmup="" bangSound="bang_shotgun_01" noAmmoSound="no_ammo_01"
				multiShot="25" dispersion="0.3" bulletType="0" bulletSpeed="3200"
				damage="2" cannonLength="60" recoil="2" thrust="2500" size="2"
				proba="1">

				<vecteur use="handPosL" x="15" y="0" />
				<vecteur use="handPosR" x="5" y="0" />
			</shotgun>
			<entities>
				<mesh src="data/meshes/item_pickup/weapon_pickup.obj">
					<vecteur use="position" x="0" y="40" z="0" />
					<vecteur use="rotation" x="0" y="0" z="0" w="1" />
					<vecteur use="scale" x="35" y="35" z="35" />
				</mesh>
			</entities>
      
    </spawn>
    <spawn cooldown="4" spawnperso="true">
      <vecteur x="1960.0" y="785.0"/>
    				<gun name="Minigun" weight="43"
				pathSprite="data/weapons/Minigun_1.png" soundPickup="GunCock_02"
				cooldown="0.03" uses="350" animPath="" warmupDuration="0.25"
				soundWarmup="warmup_minigun_01" bangSound="Bang1"
				noAmmoSound="no_ammo_01" bulletType="0" bulletSpeed="3500"
				damage="1" cannonLength="100" recoil="0.2" thrust="275" size="64"
				proba="1">

				<vecteur use="handPosL" x="-25" y="6" />
				<vecteur use="handPosR" x="3" y="3" />
			</gun>
			<gun name="assault" weight="43"
				pathSprite="data/weapons/Assaut_1.png" soundPickup="GunCock_01"
				cooldown="0.09" uses="100" animPath="" warmupDuration="0"
				soundWarmup="" bangSound="bang_tommy_gun_01"
				noAmmoSound="no_ammo_01" bulletType="0" bulletSpeed="3500"
				damage="1" cannonLength="58" recoil="1.6" thrust="200" size="64"
				proba="1">

				<vecteur use="handPosL" x="-25" y="8" />
				<vecteur use="handPosR" x="3" y="4" />
			</gun>
			<gun name="ion" weight="50"
				pathSprite="data/weapons/RayGun1_tr.png" soundPickup="GunCock_03"
				cooldown="0.12" uses="100" animPath="" warmupDuration="0.8"
				soundWarmup="IonCharge3" bangSound="BangIonGun"
				noAmmoSound="no_ammo_01" bulletType="1" bulletSpeed="3000"
				damage="1" cannonLength="50" recoil="1" thrust="200" size="64"
				proba="1">

				<vecteur use="handPosL" x="-25" y="6" />
				<vecteur use="handPosR" x="3" y="3" />
			</gun>
			<shotgun name="shotgun" weight="100"
				pathSprite="data/weapons/shotgun1.png" soundPickup="GunCock_02"
				cooldown="1.2" uses="6" animPath="" warmupDuration="0"
				soundWarmup="" bangSound="bang_shotgun_01" noAmmoSound="no_ammo_01"
				multiShot="25" dispersion="0.3" bulletType="0" bulletSpeed="3200"
				damage="2" cannonLength="60" recoil="2" thrust="2500" size="2"
				proba="1">

				<vecteur use="handPosL" x="15" y="0" />
				<vecteur use="handPosR" x="5" y="0" />
			</shotgun>
			<entities>
				<mesh src="data/meshes/item_pickup/weapon_pickup.obj">
					<vecteur use="position" x="0" y="40" z="0" />
					<vecteur use="rotation" x="0" y="0" z="0" w="1" />
					<vecteur use="scale" x="35" y="35" z="35" />
				</mesh>
			</entities>
    	
    </spawn>
    <spawn cooldown="4" spawnperso="true">
      <vecteur x="2691.0" y="1695.0"/>
    </spawn>
    <spawn cooldown="4" spawnperso="true">
      <vecteur x="2685.0" y="1187.0"/>
    </spawn>
    <spawn cooldown="4" spawnperso="true">
      <vecteur x="2674.0" y="164.0"/>
    </spawn>
    <spawn cooldown="4" spawnperso="true">
      <vecteur x="2349.0" y="442.0"/>
    </spawn>
    <spawn cooldown="4" spawnperso="true">
      <vecteur x="3174.0" y="442.0"/>
    </spawn>
    <spawn cooldown="4" spawnperso="true">
      <vecteur x="2857.0" y="1110.0"/>
    </spawn>
    <spawn cooldown="4" spawnperso="true">
      <vecteur x="2553.0" y="1042.0"/>
    </spawn>
    <spawn cooldown="4" spawnperso="true">
      <vecteur x="3428.0" y="821.0"/>
    </spawn>
    <spawn cooldown="4" spawnperso="true">
      <vecteur x="1846.0" y="767.0"/>
    </spawn>
    <spawn cooldown="4" spawnperso="true">
      <vecteur x="2753.0" y="132.0"/>
    </spawn>
    <gravity>
      <vecteur x="0.0" y="9.807"/>
    </gravity>
    <cameraBound w="1000" x="-5000" y="-1000" z="5000"/>
    <sky>
      <vecteur use="top" x="1.0" y="0.30" z="0.30"/>
      <vecteur use="bottom" x="0.5" y="0.33" z="0.33"/>
    </sky>
  </information>
  <entities>
    <plateform name="Platform_6543734358013">
      <vecteur use="position" x="3450.0" y="1400.0"/>
      <vecteur use="extent" x="150.0" y="10.0"/>
    </plateform>
    <plateform name="Platform_6546153449641">
      <vecteur use="position" x="3535.0" y="2620.0"/>
      <vecteur use="extent" x="225.0" y="1610.0"/>
    </plateform>
    <plateform name="Platform_7597295251293">
      <vecteur use="position" x="2720.0" y="1755.0"/>
      <vecteur use="extent" x="250.0" y="5.0"/>
    </plateform>
    <plateform name="Platform_6601028885752">
      <vecteur use="position" x="2130.0" y="10.0"/>
      <vecteur use="extent" x="1650.0" y="10.0"/>
    </plateform>
    <plateform name="Platform_6541529237751">
      <vecteur use="position" x="2690.0" y="285.0"/>
      <vecteur use="extent" x="300.0" y="5.0"/>
    </plateform>
    <plateform name="Platform_7620914910297">
      <vecteur use="position" x="2740.0" y="1300.0"/>
      <vecteur use="extent" x="350.0" y="10.0"/>
    </plateform>
    <plateform name="Platform_6547970668470">
      <vecteur use="position" x="1865.0" y="2800.0"/>
      <vecteur use="extent" x="225.0" y="1850.0"/>
    </plateform>
    <plateform name="Platform_6529419899182">
      <vecteur use="position" x="1840.0" y="980.0"/>
      <vecteur use="extent" x="150.0" y="10.0"/>
    </plateform>
    <plateform name="Platform_6531622300335">
      <vecteur use="position" x="1960.0" y="1640.0"/>
      <vecteur use="extent" x="150.0" y="10.0"/>
    </plateform>
    <plateform name="Platform_6533620797670">
      <vecteur use="position" x="850.0" y="1850.0"/>
      <vecteur use="extent" x="850.0" y="1850.0"/>
    </plateform>
    <plateform name="Platform_6550152795864">
      <vecteur use="position" x="4490.0" y="1850.0"/>
      <vecteur use="extent" x="750.0" y="1850.0"/>
    </plateform>
    <plateform name="Platform_7541510719101">
      <vecteur use="position" x="2310.0" y="600.0"/>
      <vecteur use="extent" x="200.0" y="20.0"/>
    </plateform>
    <plateform name="Platform_6537928533396">
      <vecteur use="position" x="3120.0" y="600.0"/>
      <vecteur use="extent" x="200.0" y="20.0"/>
    </plateform>
  </entities>
</map>
