<?xml version="1.0" encoding="UTF-8"?>
<!DOCTYPE animation SYSTEM "animationDTD.dtd" >
<animation length="2.0" loop="true">
	
	<trackVec3f name="pos" interpolation="cubic">
		<keyframeVec3f time="0.0" x="0.0" y="0.0" z="0" />
		<keyframeVec3f time="0.5" x="1.0" y="0.0" z="0" />
		<keyframeVec3f time="1.0" x="1.0" y="1.0" z="0" />
		<keyframeVec3f time="1.5" x="0.0" y="1.0" z="0" />
		<keyframeVec3f time="2.0" x="0.0" y="0.0" z="0" />
	</trackVec3f>

	<trackD name="rot" interpolation="linear">
		<keyframeD time="0.0" value="0.0" />
		<keyframeD time="2.0" value="6.28" />
	</trackD>

</animation>
