<?xml version="1.0" encoding="UTF-8"?>
<!DOCTYPE map SYSTEM "mapDTD.dtd" >
<map>
	<information>
		<item>
			<gun name="minigun" weight="43"
				pathSprite="data/weapons/Minigun_1.png" soundPickup="GunCock_02"
				cooldown="0.03" uses="350" animPath="" warmupDuration="0.25"
				soundWarmup="warmup_minigun_01" bangSound="Bang1"
				noAmmoSound="no_ammo_01" bulletType="0" bulletSpeed="35" damage="1"
				cannonLength="1.9" recoil="0.2" thrust="2.6" size="64">

				<vector use="handPosL" x="-.8" y="-.1" />
				<vector use="handPosR" x="0" y="-.28" />
			</gun>
		</item>
		<item>
			<gun name="assault" weight="43"
				pathSprite="data/weapons/Assaut_1.png" soundPickup="GunCock_01"
				cooldown="0.09" uses="100" animPath="" warmupDuration="0"
				soundWarmup="" bangSound="bang_tommy_gun_01"
				noAmmoSound="no_ammo_01" bulletType="0" bulletSpeed="35" damage="1"
				cannonLength="1.38" recoil="0.4" thrust="2.00" size="64">

				<vector use="handPosL" x="-.32" y=".15" />
				<vector use="handPosR" x=".25" y=".05" />
			</gun>
		</item>
		<item>
			<gun name="grenade_launcher" weight="50"
				pathSprite="data/weapons/GLauncher1.png" soundPickup="GunCock_01"
				cooldown="0.9" uses="10" animPath="" warmupDuration="0"
				soundWarmup="" bangSound="grenade_launcher_01"
				noAmmoSound="no_ammo_01" bulletType="2" bulletSpeed="30" damage="95"
				cannonLength="1.38" recoil="1" thrust="2.00" size="64">

				<vector use="handPosL" x="-.32" y=".2" />
				<vector use="handPosR" x=".3" y=".1" />
			</gun>
		</item>
		<item>
			<gun name="ion" weight="50"
				pathSprite="data/weapons/RayGun1_tr.png" soundPickup="GunCock_03"
				cooldown="0.12" uses="100" animPath="" warmupDuration="0.8"
				soundWarmup="IonCharge3" bangSound="BangIonGun"
				noAmmoSound="no_ammo_01" bulletType="1" bulletSpeed="30" damage="1"
				cannonLength="1.38" recoil="1" thrust="2.00" size="64">

				<vector use="handPosL" x="-.32" y=".2" />
				<vector use="handPosR" x=".3" y=".1" />
			</gun>
		</item>
		<item>
			<shotgun name="shotgun" weight="100"
				pathSprite="data/weapons/shotgun1.png" soundPickup="GunCock_02"
				cooldown="1.2" uses="8" animPath="" warmupDuration="0"
				soundWarmup="" bangSound="bang_shotgun_01" noAmmoSound="no_ammo_01"
				multiShot="25" dispersion="0.18" bulletType="0" bulletSpeed="45"
				damage="2" cannonLength=".6" recoil="2" thrust="25.00" size="2">

				<vector use="handPosL" x="-.65" y=".15" />
				<vector use="handPosR" x=".067" y=".125" />
			</shotgun>
		</item>
		<item>
			<gun name="stargun" weight="43"
				pathSprite="data/weapons/StunGun.png" soundPickup="mbggnea1"
				cooldown="0.2" uses="60" animPath="" warmupDuration="1"
				soundWarmup="wabada" bangSound="ni"
				noAmmoSound="he" bulletType="3" bulletSpeed="35" damage="0.25"
				cannonLength="0.9" recoil="3.3" thrust="0.3" size="64">

				<vector use="handPosL" x="-0.4" y="-.1" />
				<vector use="handPosR" x="-0.6" y=".2" />
			</gun>
		</item>
		<item>
			<melee name="kata" weight="5"
				pathSprite="data/weapons/sword_01.png" soundPickup="sword_draw_01"
				cooldown="1.0" uses="350" animPath="" warmupDuration="0.1"
				soundWarmup="" damage="3" bangSound="woosh_01" size="2">

				<vector use="handPosL" x="-50" y="0" />
				<vector use="handPosR" x="0" y="0" />
			</melee>
		</item>
		
		<gravity x="0" y="9.807" />
		
		<ambientLight r="0.595" g="0.7" b="0.7"/>
		
		<fog r="0.929" g="0.906" b="0.753" distance="3000"/>

		<cameraPos x="0" y="-15" z="38" />
		
		<killBounds minX="-100" minY="-100" maxX="100" maxY="40" />

		<sky>
			<vector x="0.659" y="0.835" z="0.996" use="bottom" />
			<vector x="0.016" y="0.145" z="0.565" use="top" />
		</sky>
	</information>

	<entities>
		<directionalLight>
			<vector use="color" x="1" y="1" z="0.99" />
			<vector use="rotation" x="-0.2414757" y="-0.3917141" z="-0.887009" w="0.03828" />
		</directionalLight>
		<spawn playerSpawn="true" cooldown="3">
			<vector x="-5" y="-30" use="position" />
			<itemRef item="minigun" proba="1" />
			<itemRef item="assault" proba="1" />
			<itemRef item="grenade_launcher" proba="1" />
			<itemRef item="ion" proba="1" />
			<itemRef item="shotgun" proba="1" />
			<itemRef item="stargun" proba="1" />
			<itemRef item="kata" proba="1" />
			<entities>
				<mesh src="data/meshes/item_pickup/weapon_pickup_ceiling.obj">
					<vector use="position" x="0" y="-1" z="0" />
					<vector use="rotation" x="0" y="0" z="0" />
					<vector use="scale" x=".75" y=".75" z=".75" />
				</mesh>
			</entities>
		</spawn>
		<spawn playerSpawn="true" cooldown="3">
			<vector x="15" y="-30" use="position" />
			<itemRef item="minigun" proba="1" />
			<itemRef item="assault" proba="1" />
			<itemRef item="grenade_launcher" proba="1" />
			<itemRef item="ion" proba="1" />
			<itemRef item="shotgun" proba="1" />
			<itemRef item="stargun" proba="1" />
			<itemRef item="kata" proba="1" />
			<entities>
				<mesh src="data/meshes/item_pickup/weapon_pickup_ceiling.obj">
					<vector use="position" x="0" y="-1" z="0" />
					<vector use="rotation" x="0" y="0" z="0" />
					<vector use="scale" x=".75" y=".75" z=".75" />
				</mesh>
			</entities>
		</spawn>
		<spawn playerSpawn="true" cooldown="3">
			<vector x="-15" y="-30" use="position" />
			<itemRef item="minigun" proba="1" />
			<itemRef item="assault" proba="1" />
			<itemRef item="grenade_launcher" proba="1" />
			<itemRef item="ion" proba="1" />
			<itemRef item="shotgun" proba="1" />
			<itemRef item="stargun" proba="1" />
			<itemRef item="kata" proba="1" />
			<entities>
				<mesh src="data/meshes/item_pickup/weapon_pickup_ceiling.obj">
					<vector use="position" x="0" y="-1" z="0" />
					<vector use="rotation" x="0" y="0" z="0" />
					<vector use="scale" x=".75" y=".75" z=".75" />
				</mesh>
			</entities>
		</spawn>
		<spawn playerSpawn="true" cooldown="3">
			<vector x="5" y="-30" use="position" />
			<itemRef item="minigun" proba="1" />
			<itemRef item="assault" proba="1" />
			<itemRef item="grenade_launcher" proba="1" />
			<itemRef item="ion" proba="1" />
			<itemRef item="shotgun" proba="1" />
			<itemRef item="stargun" proba="1" />
			<itemRef item="kata" proba="1" />
			<entities>
				<mesh src="data/meshes/item_pickup/weapon_pickup_ceiling.obj">
					<vector use="position" x="0" y="-1" z="0" />
					<vector use="rotation" x="0" y="0" z="0" />
					<vector use="scale" x=".75" y=".75" z=".75" />
				</mesh>
			</entities>
		</spawn>
		
		<static>
			<vector x="-15" y="1" use="position" />
			<vector x=".5" y="0.25" use="extent" />
			<entities>
				<mesh src="data/meshes/catwalk/catwalk_2.obj">
					<vector use="position" x="0" y="-0.25" z="0" />
					<vector use="rotation" x="0" y="0" z="0" />
					<vector use="scale" x=".5" y="1" z="1" />
				</mesh>
			</entities>
		</static>

		<static>
			<vector x="-5" y="1" use="position" />
			<vector x=".5" y="0.25" use="extent" />
			<entities>
				<mesh src="data/meshes/catwalk/catwalk_2.obj">
					<vector use="position" x="0" y="-0.25" z="0" />
					<vector use="rotation" x="0" y="0" z="0" />
					<vector use="scale" x=".5" y="1" z="1" />
				</mesh>
			</entities>
		</static>

		<static>
			<vector x="5" y="1" use="position" />
			<vector x=".5" y="0.25" use="extent" />
			<entities>
				<mesh src="data/meshes/catwalk/catwalk_2.obj">
					<vector use="position" x="0" y="-0.25" z="0" />
					<vector use="rotation" x="0" y="0" z="0" />
					<vector use="scale" x=".5" y="1" z="1" />
				</mesh>
			</entities>
		</static>
		
		<static>
			<vector x="15" y="1" use="position" />
			<vector x=".5" y="0.25" use="extent" />
			<entities>
				<mesh src="data/meshes/catwalk/catwalk_2.obj">
					<vector use="position" x="0" y="-0.25" z="0" />
					<vector use="rotation" x="0" y="0" z="0" />
					<vector use="scale" x=".5" y="1" z="1" />
				</mesh>
			</entities>
		</static>
		
		<rigid>
			<vector x="5" y="-8" use="position" />
			<vector x="1" y="1" use="extent" />
			<entities>
				<mesh src="data/meshes/crate/crate_01.obj">
					<vector use="position" x="0" y="0" z="0" />
					<vector use="rotation" x="0" y="0" z="0" />
					<vector use="scale" x="2" y="2" z="2" />
				</mesh>
			</entities>
		</rigid>
		<rigid>
			<vector x="5" y="-6" use="position" />
			<vector x="1" y="1" use="extent" />
			<entities>
				<mesh src="data/meshes/crate/crate_01.obj">
					<vector use="position" x="0" y="0" z="0" />
					<vector use="rotation" x="0" y="0" z="0" />
					<vector use="scale" x="2" y="2" z="2" />
				</mesh>
			</entities>
		</rigid>
				<rigid>
			<vector x="5" y="-4" use="position" />
			<vector x="1" y="1" use="extent" />
			<entities>
				<mesh src="data/meshes/crate/crate_01.obj">
					<vector use="position" x="0" y="0" z="0" />
					<vector use="rotation" x="0" y="0" z="0" />
					<vector use="scale" x="2" y="2" z="2" />
				</mesh>
			</entities>
		</rigid>
				<rigid>
			<vector x="5" y="-2" use="position" />
			<vector x="1" y="1" use="extent" />
			<entities>
				<mesh src="data/meshes/crate/crate_01.obj">
					<vector use="position" x="0" y="0" z="0" />
					<vector use="rotation" x="0" y="0" z="0" />
					<vector use="scale" x="2" y="2" z="2" />
				</mesh>
			</entities>
		</rigid>
				<rigid>
			<vector x="5" y="-0.1" use="position" />
			<vector x="1" y="1" use="extent" />
			<entities>
				<mesh src="data/meshes/crate/crate_01.obj">
					<vector use="position" x="0" y="0" z="0" />
					<vector use="rotation" x="0" y="0" z="0" />
					<vector use="scale" x="2" y="2" z="2" />
				</mesh>
			</entities>
		</rigid>
		<rigid>
			<vector x="15" y="-8" use="position" />
			<vector x="1" y="1" use="extent" />
			<entities>
				<mesh src="data/meshes/crate/crate_01.obj">
					<vector use="position" x="0" y="0" z="0" />
					<vector use="rotation" x="0" y="0" z="0" />
					<vector use="scale" x="2" y="2" z="2" />
				</mesh>
			</entities>
		</rigid>
		<rigid>
			<vector x="15" y="-6" use="position" />
			<vector x="1" y="1" use="extent" />
			<entities>
				<mesh src="data/meshes/crate/crate_01.obj">
					<vector use="position" x="0" y="0" z="0" />
					<vector use="rotation" x="0" y="0" z="0" />
					<vector use="scale" x="2" y="2" z="2" />
				</mesh>
			</entities>
		</rigid>
				<rigid>
			<vector x="15" y="-4" use="position" />
			<vector x="1" y="1" use="extent" />
			<entities>
				<mesh src="data/meshes/crate/crate_01.obj">
					<vector use="position" x="0" y="0" z="0" />
					<vector use="rotation" x="0" y="0" z="0" />
					<vector use="scale" x="2" y="2" z="2" />
				</mesh>
			</entities>
		</rigid>
				<rigid>
			<vector x="15" y="-2" use="position" />
			<vector x="1" y="1" use="extent" />
			<entities>
				<mesh src="data/meshes/crate/crate_01.obj">
					<vector use="position" x="0" y="0" z="0" />
					<vector use="rotation" x="0" y="0" z="0" />
					<vector use="scale" x="2" y="2" z="2" />
				</mesh>
			</entities>
		</rigid>
				<rigid>
			<vector x="15" y="-0.1" use="position" />
			<vector x="1" y="1" use="extent" />
			<entities>
				<mesh src="data/meshes/crate/crate_01.obj">
					<vector use="position" x="0" y="0" z="0" />
					<vector use="rotation" x="0" y="0" z="0" />
					<vector use="scale" x="2" y="2" z="2" />
				</mesh>
			</entities>
		</rigid>
		<rigid>
			<vector x="-15" y="-8" use="position" />
			<vector x="1" y="1" use="extent" />
			<entities>
				<mesh src="data/meshes/crate/crate_01.obj">
					<vector use="position" x="0" y="0" z="0" />
					<vector use="rotation" x="0" y="0" z="0" />
					<vector use="scale" x="2" y="2" z="2" />
				</mesh>
			</entities>
		</rigid>
		<rigid>
			<vector x="-15" y="-6" use="position" />
			<vector x="1" y="1" use="extent" />
			<entities>
				<mesh src="data/meshes/crate/crate_01.obj">
					<vector use="position" x="0" y="0" z="0" />
					<vector use="rotation" x="0" y="0" z="0" />
					<vector use="scale" x="2" y="2" z="2" />
				</mesh>
			</entities>
		</rigid>
				<rigid>
			<vector x="-15" y="-4" use="position" />
			<vector x="1" y="1" use="extent" />
			<entities>
				<mesh src="data/meshes/crate/crate_01.obj">
					<vector use="position" x="0" y="0" z="0" />
					<vector use="rotation" x="0" y="0" z="0" />
					<vector use="scale" x="2" y="2" z="2" />
				</mesh>
			</entities>
		</rigid>
				<rigid>
			<vector x="-15" y="-2" use="position" />
			<vector x="1" y="1" use="extent" />
			<entities>
				<mesh src="data/meshes/crate/crate_01.obj">
					<vector use="position" x="0" y="0" z="0" />
					<vector use="rotation" x="0" y="0" z="0" />
					<vector use="scale" x="2" y="2" z="2" />
				</mesh>
			</entities>
		</rigid>
				<rigid>
			<vector x="-15" y="-0.1" use="position" />
			<vector x="1" y="1" use="extent" />
			<entities>
				<mesh src="data/meshes/crate/crate_01.obj">
					<vector use="position" x="0" y="0" z="0" />
					<vector use="rotation" x="0" y="0" z="0" />
					<vector use="scale" x="2" y="2" z="2" />
				</mesh>
			</entities>
		</rigid>
		<rigid>
			<vector x="-5" y="-8" use="position" />
			<vector x="1" y="1" use="extent" />
			<entities>
				<mesh src="data/meshes/crate/crate_01.obj">
					<vector use="position" x="0" y="0" z="0" />
					<vector use="rotation" x="0" y="0" z="0" />
					<vector use="scale" x="2" y="2" z="2" />
				</mesh>
			</entities>
		</rigid>
		<rigid>
			<vector x="-5" y="-6" use="position" />
			<vector x="1" y="1" use="extent" />
			<entities>
				<mesh src="data/meshes/crate/crate_01.obj">
					<vector use="position" x="0" y="0" z="0" />
					<vector use="rotation" x="0" y="0" z="0" />
					<vector use="scale" x="2" y="2" z="2" />
				</mesh>
			</entities>
		</rigid>
				<rigid>
			<vector x="-5" y="-4" use="position" />
			<vector x="1" y="1" use="extent" />
			<entities>
				<mesh src="data/meshes/crate/crate_01.obj">
					<vector use="position" x="0" y="0" z="0" />
					<vector use="rotation" x="0" y="0" z="0" />
					<vector use="scale" x="2" y="2" z="2" />
				</mesh>
			</entities>
		</rigid>
				<rigid>
			<vector x="-5" y="-2" use="position" />
			<vector x="1" y="1" use="extent" />
			<entities>
				<mesh src="data/meshes/crate/crate_01.obj">
					<vector use="position" x="0" y="0" z="0" />
					<vector use="rotation" x="0" y="0" z="0" />
					<vector use="scale" x="2" y="2" z="2" />
				</mesh>
			</entities>
		</rigid>
				<rigid>
			<vector x="-5" y="-0.1" use="position" />
			<vector x="1" y="1" use="extent" />
			<entities>
				<mesh src="data/meshes/crate/crate_01.obj">
					<vector use="position" x="0" y="0" z="0" />
					<vector use="rotation" x="0" y="0" z="0" />
					<vector use="scale" x="2" y="2" z="2" />
				</mesh>
			</entities>
		</rigid>

		<mesh src="data/meshes/windmills/Windmill_01_Static.obj">
			<vector use="position" x="225" y="280" z="-625" />
			<vector use="rotation" x="0" y=".2" z="0" w="1" />
			<vector use="scale" x="9.5" y="9.5" z="9.5" />
			<entities>
				<mesh src="data/meshes/windmills/Windmill_01_Blades.obj">
					<vector use="position" x="-20" y="-143" z="0" />
					<vector use="rotation" x="0" y=".2" z="0" w="1" />
					<vector use="scale" x="9.5" y="9.5" z="9.5" />
				</mesh>
			</entities>
		</mesh>

		<mesh src="data/meshes/landscape_field/Hill.obj">
			<vector use="position" x="0" y="535" z="-220" />
			<vector use="rotation" x="-0.2" y="0" z="0" w="1" />
			<vector use="scale" x="3" y="3" z="3" />
		</mesh>

	</entities>
</map>
