<?xml version="1.0" encoding="UTF-8"?>
<!DOCTYPE map SYSTEM "mapDTD.dtd" >
<map>
	<information>
		<gravity x="0" y="9.807" />
		
		<ambientLight r="0.48" g="0.48" b="0.5"/>

		<cameraPos x="0" y="0" z="8" />
		
		<killBounds minX="-1000" minY="-1000" maxX="1000" maxY="1000" />

		<sky>
			<vector x="0.996" y="0.9098" z="0.003922" use="bottom" />
			<vector x="0.34901960784" y="0.13725490196" z="0.48235294118" use="top" />
		</sky>
	</information>

	<entities>
	</entities>
</map>
