<?xml version="1.0" encoding="UTF-8"?>
<!DOCTYPE map SYSTEM "mapDTD.dtd" >
<map>
	<information>
		<gravity x="0" y="9.807" />
		
		<ambientLight r="0.48" g="0.48" b="0.5"/>
		
		<fog r="0.929" g="0.906" b="0.753" distance="300"/>

		<cameraPos x="0" y="0" z="50" />
		
		<killBounds minX="-1000" minY="-1000" maxX="1000" maxY="1000" />

		<sky>
			<vector x=".85" y=".85" z="1" use="bottom" />
			<vector x=".65" y=".65" z="1" use="top" />
		</sky>
	</information>

	<entities>
		<mesh src="data/meshes/intro/intro.obj"> <!--  Background -->
			<vector use="position" x="0" y="0" z="0" />
			<vector use="rotation" x="0" y="0" z="0" />
			<vector use="scale" x="1" y="1" z="1" />
		</mesh>
		
		<!-- Trees -->
		<mesh src="data/meshes/intro/tree.obj"> <!-- TreeBaked.039 -->
			<vector use="position" x="-27.748685836791992" y="6.375206470489502" z="-119.56111145019531" />
			<vector use="rotation" x="-5.763033866882324" y="0" z="0" />
			<vector use="scale" x="2.362114906311035" y="2.362114667892456" z="2.3621139526367188" />
		</mesh>
		<mesh src="data/meshes/intro/tree.obj"> <!-- TreeBaked.038 -->
			<vector use="position" x="-56.24834442138672" y="-5.020279407501221" z="-96.20073699951172" />
			<vector use="rotation" x="-5.331413745880127" y="0" z="0" />
			<vector use="scale" x="1.431969404220581" y="1.431969404220581" z="1.4319689273834229" />
		</mesh>
		<mesh src="data/meshes/intro/tree.obj"> <!-- TreeBaked.037 -->
			<vector use="position" x="64.29119110107422" y="3.972822666168213" z="-97.60235595703125" />
			<vector use="rotation" x="-4.355638027191162" y="0" z="0" />
			<vector use="scale" x="1.6472638845443726" y="1.647263765335083" z="1.647263526916504" />
		</mesh>
		<mesh src="data/meshes/intro/tree.obj"> <!-- TreeBaked.036 -->
			<vector use="position" x="30.185043334960938" y="6.02294397354126" z="-113.48741149902344" />
			<vector use="rotation" x="-4.355638027191162" y="0" z="0" />
			<vector use="scale" x="1.9772214889526367" y="1.9772212505340576" z="1.977221131324768" />
		</mesh>
		<mesh src="data/meshes/intro/tree.obj"> <!-- TreeBaked.035 -->
			<vector use="position" x="10.562328338623047" y="6.02294397354126" z="-95.26631927490234" />
			<vector use="rotation" x="-2.843296766281128" y="0" z="0" />
			<vector use="scale" x="1.5569745302200317" y="1.5569744110107422" z="1.556974172592163" />
		</mesh>
		<mesh src="data/meshes/intro/tree.obj"> <!-- TreeBaked.034 -->
			<vector use="position" x="-17.002914428710938" y="-5.020279407501221" z="-81.25009155273438" />
			<vector use="rotation" x="-2.1893928050994873" y="0" z="0" />
			<vector use="scale" x="1.6082569360733032" y="1.6082568168640137" z="1.6082565784454346" />
		</mesh>
		<mesh src="data/meshes/intro/tree.obj"> <!-- TreeBaked.033 -->
			<vector use="position" x="39.06198501586914" y="-1.5338735580444336" z="-76.57801818847656" />
			<vector use="rotation" x="0.0" y="0" z="0" />
			<vector use="scale" x="1.4745497703552246" y="1.8854199647903442" z="1.4745492935180664" />
		</mesh>
		<mesh src="data/meshes/intro/tree.obj"> <!-- TreeBaked.032 -->
			<vector use="position" x="-67.7728271484375" y="-2.047948122024536" z="38.900123596191406" />
			<vector use="rotation" x="-0.4214877188205719" y="0" z="0" />
			<vector use="scale" x="1.1431589126586914" y="1.1431587934494019" z="1.1431587934494019" />
		</mesh>
		<mesh src="data/meshes/intro/tree.obj"> <!-- TreeBaked.031 -->
			<vector use="position" x="-31.953575134277344" y="-0.00021867714531254023" z="26.441255569458008" />
			<vector use="rotation" x="-1.233388900756836" y="0" z="0" />
			<vector use="scale" x="1.1431589126586914" y="1.1431587934494019" z="1.1431587934494019" />
		</mesh>
		<mesh src="data/meshes/intro/tree.obj"> <!-- TreeBaked.030 -->
			<vector use="position" x="0.36161327362060547" y="-0.031074076890945435" z="-20.279508590698242" />
			<vector use="rotation" x="5.258265495300293" y="0" z="0" />
			<vector use="scale" x="1.1431589126586914" y="1.1431587934494019" z="1.1431587934494019" />
		</mesh>
		<mesh src="data/meshes/intro/tree.obj"> <!-- TreeBaked.029 -->
			<vector use="position" x="12.041803359985352" y="-3.956803560256958" z="-47.92262649536133" />
			<vector use="rotation" x="-1.152733325958252" y="0" z="0" />
			<vector use="scale" x="1.1431589126586914" y="1.1431587934494019" z="1.1431587934494019" />
		</mesh>
		<mesh src="data/meshes/intro/tree.obj"> <!-- TreeBaked.028 -->
			<vector use="position" x="-22.60942268371582" y="-5.156767845153809" z="-54.93074035644531" />
			<vector use="rotation" x="-1.0290827751159668" y="0" z="0" />
			<vector use="scale" x="1.1431589126586914" y="1.1431587934494019" z="1.1431587934494019" />
		</mesh>
		<mesh src="data/meshes/intro/tree.obj"> <!-- TreeBaked.027 -->
			<vector use="position" x="-14.8226318359375" y="-6.8119588831905276e-06" z="43.96154022216797" />
			<vector use="rotation" x="-1.0003119707107544" y="0" z="0" />
			<vector use="scale" x="1.1431589126586914" y="1.1431587934494019" z="1.1431587934494019" />
		</mesh>
		<mesh src="data/meshes/intro/tree.obj"> <!-- TreeBaked.026 -->
			<vector use="position" x="15.15652084350586" y="-0.8032682538032532" z="54.47371292114258" />
			<vector use="rotation" x="1.7842742204666138" y="0" z="0" />
			<vector use="scale" x="1.1431589126586914" y="1.1431587934494019" z="1.1431587934494019" />
		</mesh>
		<mesh src="data/meshes/intro/tree.obj"> <!-- TreeBaked.025 -->
			<vector use="position" x="46.30369186401367" y="-2.05180025100708" z="46.686920166015625" />
			<vector use="rotation" x="-0.7691024541854858" y="0" z="0" />
			<vector use="scale" x="1.1431589126586914" y="1.1431587934494019" z="1.1431587934494019" />
		</mesh>
		<mesh src="data/meshes/intro/tree.obj"> <!-- TreeBaked.024 -->
			<vector use="position" x="45.91435241699219" y="-1.3010112047195435" z="28.387954711914062" />
			<vector use="rotation" x="1.3810956478118896" y="0" z="0" />
			<vector use="scale" x="1.1431589126586914" y="1.1431587934494019" z="1.1431587934494019" />
		</mesh>
		<mesh src="data/meshes/intro/tree.obj"> <!-- TreeBaked.023 -->
			<vector use="position" x="-39.74036407470703" y="-0.4391686022281647" z="42.793521881103516" />
			<vector use="rotation" x="0.6304433941841125" y="0" z="0" />
			<vector use="scale" x="1.1431589126586914" y="1.1431587934494019" z="1.1431587934494019" />
		</mesh>
		<mesh src="data/meshes/intro/tree.obj"> <!-- TreeBaked.022 -->
			<vector use="position" x="-51.031211853027344" y="-1.098875880241394" z="24.494556427001953" />
			<vector use="rotation" x="-0.6466036438941956" y="0" z="0" />
			<vector use="scale" x="1.1431589126586914" y="1.1431587934494019" z="1.1431587934494019" />
		</mesh>
		<mesh src="data/meshes/intro/tree.obj"> <!-- TreeBaked.021 -->
			<vector use="position" x="-70.10885620117188" y="-6.851074695587158" z="-0.8125228881835938" />
			<vector use="rotation" x="1.9598349332809448" y="0" z="0" />
			<vector use="scale" x="1.1431589126586914" y="1.1431587934494019" z="1.1431587934494019" />
		</mesh>
		<mesh src="data/meshes/intro/tree.obj"> <!-- TreeBaked.020 -->
			<vector use="position" x="-66.994140625" y="-10.085057258605957" z="-19.111488342285156" />
			<vector use="rotation" x="-1.205505132675171" y="0" z="0" />
			<vector use="scale" x="1.1431589126586914" y="1.1431587934494019" z="1.1431587934494019" />
		</mesh>
		<mesh src="data/meshes/intro/tree.obj"> <!-- TreeBaked.019 -->
			<vector use="position" x="-51.031211853027344" y="-13.47378158569336" z="-13.660733222961426" />
			<vector use="rotation" x="-2.088776111602783" y="0" z="0" />
			<vector use="scale" x="1.1431589126586914" y="1.1431587934494019" z="1.1431587934494019" />
		</mesh>
		<mesh src="data/meshes/intro/tree.obj"> <!-- TreeBaked.018 -->
			<vector use="position" x="-15.21196174621582" y="-4.761059284210205" z="-15.607431411743164" />
			<vector use="rotation" x="-0.0046529523096978664" y="0" z="0" />
			<vector use="scale" x="1.1431589126586914" y="1.1431587934494019" z="1.1431587934494019" />
		</mesh>
		<mesh src="data/meshes/intro/tree.obj"> <!-- TreeBaked.017 -->
			<vector use="position" x="-28.060169219970703" y="0.08357197791337967" z="9.699647903442383" />
			<vector use="rotation" x="2.0242910385131836" y="0" z="0" />
			<vector use="scale" x="1.1431589126586914" y="1.1431587934494019" z="1.1431587934494019" />
		</mesh>
		<mesh src="data/meshes/intro/tree.obj"> <!-- TreeBaked.016 -->
			<vector use="position" x="31.50879669189453" y="-0.20351701974868774" z="11.257006645202637" />
			<vector use="rotation" x="-1.8865008354187012" y="0" z="0" />
			<vector use="scale" x="1.1431589126586914" y="1.1431587934494019" z="1.1431587934494019" />
		</mesh>
		<mesh src="data/meshes/intro/tree.obj"> <!-- TreeBaked.015 -->
			<vector use="position" x="51.754459381103516" y="-5.171239852905273" z="-3.53790283203125" />
			<vector use="rotation" x="2.0368714332580566" y="0" z="0" />
			<vector use="scale" x="1.1431589126586914" y="1.1431587934494019" z="1.1431587934494019" />
		</mesh>
		<mesh src="data/meshes/intro/tree.obj"> <!-- TreeBaked.014 -->
			<vector use="position" x="64.60266876220703" y="-4.265598297119141" z="-45.975929260253906" />
			<vector use="rotation" x="-1.9176286458969116" y="0" z="0" />
			<vector use="scale" x="1.1431589126586914" y="1.1431587934494019" z="1.1431587934494019" />
		</mesh>
		<mesh src="data/meshes/intro/tree.obj"> <!-- TreeBaked.013 -->
			<vector use="position" x="63.8239860534668" y="-2.4862537384033203" z="-63.4962158203125" />
			<vector use="rotation" x="-2.700897455215454" y="0" z="0" />
			<vector use="scale" x="1.1431589126586914" y="1.1431587934494019" z="1.1431587934494019" />
		</mesh>
		<mesh src="data/meshes/intro/tree.obj"> <!-- TreeBaked.012 -->
			<vector use="position" x="28.78342056274414" y="-5.020279407501221" z="-40.135833740234375" />
			<vector use="rotation" x="-1.3364181518554688" y="0" z="0" />
			<vector use="scale" x="1.1431589126586914" y="1.1431587934494019" z="1.1431587934494019" />
		</mesh>
		<mesh src="data/meshes/intro/tree.obj"> <!-- TreeBaked.011 -->
			<vector use="position" x="20.217947006225586" y="-2.504709482192993" z="-62.32819366455078" />
			<vector use="rotation" x="-1.0722087621688843" y="0" z="0" />
			<vector use="scale" x="1.1431589126586914" y="1.1431587934494019" z="1.1431587934494019" />
		</mesh>
		<mesh src="data/meshes/intro/tree.obj"> <!-- TreeBaked.010 -->
			<vector use="position" x="-9.761205673217773" y="-0.5192592740058899" z="-38.57847213745117" />
			<vector use="rotation" x="-0.4893909990787506" y="0" z="0" />
			<vector use="scale" x="1.1431589126586914" y="1.1431587934494019" z="1.1431587934494019" />
		</mesh>
		<mesh src="data/meshes/intro/tree.obj"> <!-- TreeBaked.009 -->
			<vector use="position" x="-37.404319763183594" y="-5.613615989685059" z="-64.66423034667969" />
			<vector use="rotation" x="-0.0046529523096978664" y="0" z="0" />
			<vector use="scale" x="1.1431589126586914" y="1.1431587934494019" z="1.1431587934494019" />
		</mesh>
		<mesh src="data/meshes/intro/tree.obj"> <!-- TreeBaked.008 -->
			<vector use="position" x="-70.10884857177734" y="-11.47055435180664" z="-33.12771224975586" />
			<vector use="rotation" x="1.922272801399231" y="0" z="0" />
			<vector use="scale" x="1.1431589126586914" y="1.1431587934494019" z="1.1431587934494019" />
		</mesh>
		<mesh src="data/meshes/intro/tree.obj"> <!-- TreeBaked.007 -->
			<vector use="position" x="-62.32205581665039" y="-10.950333595275879" z="-66.22158813476562" />
			<vector use="rotation" x="-0.42604637145996094" y="0" z="0" />
			<vector use="scale" x="1.1431589126586914" y="1.1431587934494019" z="1.1431587934494019" />
		</mesh>
		<mesh src="data/meshes/intro/tree.obj"> <!-- TreeBaked.006 -->
			<vector use="position" x="-52.9779052734375" y="-13.356427192687988" z="-37.79978942871094" />
			<vector use="rotation" x="-0.0046529523096978664" y="0" z="0" />
			<vector use="scale" x="1.1431589126586914" y="1.1431587934494019" z="1.1431587934494019" />
		</mesh>
		<mesh src="data/meshes/intro/tree.obj"> <!-- TreeBaked.005 -->
			<vector use="position" x="-41.68705368041992" y="-9.779229164123535" z="-49.47998046875" />
			<vector use="rotation" x="-3.0951056480407715" y="0" z="0" />
			<vector use="scale" x="1.1431589126586914" y="1.1431587934494019" z="1.1431587934494019" />
		</mesh>
		<mesh src="data/meshes/intro/tree.obj"> <!-- TreeBaked.004 -->
			<vector use="position" x="-0.41705322265625" y="-2.9535818099975586" z="-57.65611267089844" />
			<vector use="rotation" x="-1.5061808824539185" y="0" z="0" />
			<vector use="scale" x="1.1431589126586914" y="1.1431587934494019" z="1.1431587934494019" />
		</mesh>
		<mesh src="data/meshes/intro/tree.obj"> <!-- TreeBaked.003 -->
			<vector use="position" x="54.090492248535156" y="-6.919704437255859" z="-23.78356170654297" />
			<vector use="rotation" x="-2.880943775177002" y="0" z="0" />
			<vector use="scale" x="1.1431589126586914" y="1.1431587934494019" z="1.1431587934494019" />
		</mesh>
		<mesh src="data/meshes/intro/tree.obj"> <!-- TreeBaked.002 -->
			<vector use="position" x="37.73822784423828" y="-3.2275261878967285" z="-53.762718200683594" />
			<vector use="rotation" x="-0.3437173366546631" y="0" z="0" />
			<vector use="scale" x="1.1431589126586914" y="1.1431587934494019" z="1.1431587934494019" />
		</mesh>
		<mesh src="data/meshes/intro/tree.obj"> <!-- TreeBaked.001 -->
			<vector use="position" x="8.927095413208008" y="-1.1136778593063354" z="-30.012996673583984" />
			<vector use="rotation" x="-3.092015266418457" y="0" z="0" />
			<vector use="scale" x="1.1431589126586914" y="1.1431587934494019" z="1.1431587934494019" />
		</mesh>
		<mesh src="data/meshes/intro/tree.obj"> <!-- TreeBaked.000 -->
			<vector use="position" x="28.39407730102539" y="-0.7902560830116272" z="-12.49271011352539" />
			<vector use="rotation" x="-0.28726571798324585" y="0" z="0" />
			<vector use="scale" x="1.1431589126586914" y="1.1431587934494019" z="1.1431587934494019" />
		</mesh>

	</entities>
</map>
