<?xml version="1.0" encoding="UTF-8"?>
<!DOCTYPE map SYSTEM "mapDTD.dtd" >
<map>
	<information>
		<item>
			<gun name="minigun" weight="43"
				pathSprite="data/weapons/Minigun_1.png" soundPickup="GunCock_02"
				cooldown="0.03" uses="350" animPath="" warmupDuration="0.25"
				soundWarmup="warmup_minigun_01" bangSound="Bang1"
				noAmmoSound="no_ammo_01" bulletType="0" bulletSpeed="35" damage="1"
				cannonLength="1.9" recoil="0.2" thrust="2.6" size="64">

				<vector use="handPosL" x="-.8" y="-.1" />
				<vector use="handPosR" x="0" y="-.28" />
			</gun>
		</item>
		<item>
			<gun name="assault" weight="43"
				pathSprite="data/weapons/Assaut_1.png" soundPickup="GunCock_01"
				cooldown="0.09" uses="100" animPath="" warmupDuration="0"
				soundWarmup="" bangSound="bang_tommy_gun_01"
				noAmmoSound="no_ammo_01" bulletType="0" bulletSpeed="35" damage="1"
				cannonLength="1.38" recoil="0.4" thrust="2.00" size="64">

				<vector use="handPosL" x="-.32" y=".15" />
				<vector use="handPosR" x=".25" y=".05" />
			</gun>
		</item>
		<item>
			<gun name="grenade_launcher" weight="50"
				pathSprite="data/weapons/GLauncher1.png" soundPickup="GunCock_01"
				cooldown="0.9" uses="10" animPath="" warmupDuration="0"
				soundWarmup="" bangSound="grenade_launcher_01"
				noAmmoSound="no_ammo_01" bulletType="2" bulletSpeed="30" damage="95"
				cannonLength="1.38" recoil="1" thrust="2.00" size="64">

				<vector use="handPosL" x="-.32" y=".2" />
				<vector use="handPosR" x=".3" y=".1" />
			</gun>
		</item>
		<item>
			<gun name="ion" weight="50"
				pathSprite="data/weapons/RayGun1_tr.png" soundPickup="GunCock_03"
				cooldown="0.12" uses="100" animPath="" warmupDuration="0.8"
				soundWarmup="IonCharge3" bangSound="BangIonGun"
				noAmmoSound="no_ammo_01" bulletType="1" bulletSpeed="30" damage="1"
				cannonLength="1.38" recoil="1" thrust="2.00" size="64">

				<vector use="handPosL" x="-.32" y=".2" />
				<vector use="handPosR" x=".3" y=".1" />
			</gun>
		</item>
		<item>
			<shotgun name="shotgun" weight="100"
				pathSprite="data/weapons/shotgun1.png" soundPickup="GunCock_02"
				cooldown="1.2" uses="8" animPath="" warmupDuration="0"
				soundWarmup="" bangSound="bang_shotgun_01" noAmmoSound="no_ammo_01"
				multiShot="25" dispersion="0.18" bulletType="0" bulletSpeed="45"
				damage="2" cannonLength=".6" recoil="2" thrust="25.00" size="2">

				<vector use="handPosL" x="-.65" y=".15" />
				<vector use="handPosR" x=".067" y=".125" />
			</shotgun>
		</item>
		<item>
			<gun name="stargun" weight="43"
				pathSprite="data/weapons/StunGun.png" soundPickup="mbggnea1"
				cooldown="0.2" uses="60" animPath="" warmupDuration="1"
				soundWarmup="wabada" bangSound="ni"
				noAmmoSound="he" bulletType="3" bulletSpeed="35" damage="0.25"
				cannonLength="0.9" recoil="3.3" thrust="0.3" size="64">

				<vector use="handPosL" x="-0.4" y="-.1" />
				<vector use="handPosR" x="-0.6" y=".2" />
			</gun>
		</item>
		<item>
			<melee name="kata" weight="5"
				pathSprite="data/weapons/sword_01.png" soundPickup="sword_draw_01"
				cooldown="1.0" uses="350" animPath="" warmupDuration="0.1"
				soundWarmup="" damage="3" bangSound="woosh_01" size="2">

				<vector use="handPosL" x="-50" y="0" />
				<vector use="handPosR" x="0" y="0" />
			</melee>
		</item>

		<gravity x="0" y="9.807" />
		
		<ambientLight r="0.22" g="0.22" b="0.3"/>
		
		<fog r="0.0" g="0.04" b="0.11" distance="300"/>

		<cameraPos x="0" y="-10" z="80" />
		
		<killBounds minX="-60" minY="-100" maxX="60" maxY="10" />

		<sky>
			<vector x="0" y="0" z="0" use="bottom" />
			<vector x="0" y="0" z="0" use="top" />
		</sky>
		
		<music path="data/music/nightclub_ambient_loop_DirtyElectroHouse.ogg" volume="1"/>
	</information>

	<entities>
		<pointLight radius="20">
			<vector use="color" x=".6" y=".6" z=".2" />
			<vector use="position" x="0" y="-8" z="0" />
		</pointLight>
		
		<pointLight radius="18">
			<vector use="color" x=".9" y="0" z="0" />
			<vector use="position" x="-30" y="-5" z="0" />
		</pointLight>
		<pointLight radius="18">
			<vector use="color" x=".9" y="0" z="0" />
			<vector use="position" x="30" y="-5" z="0" />
		</pointLight>
	
		<spawn playerSpawn="true" cooldown="5">
			<vector x="-5" y="-16.5" use="position" />
			<itemRef item="minigun" proba="1" />
			<itemRef item="assault" proba="1" />
			<itemRef item="grenade_launcher" proba="1" />
			<itemRef item="ion" proba="1" />
			<itemRef item="shotgun" proba="1" />
			<itemRef item="stargun" proba="1" />
			<itemRef item="kata" proba="1" />
			<entities>
				<mesh src="data/meshes/item_pickup/weapon_pickup_ceiling.obj">
					<vector use="position" x="0" y="-1" z="0" />
					<vector use="rotation" x="0" y="0" z="0" />
					<vector use="scale" x=".75" y=".75" z=".75" />
				</mesh>
			</entities>
		</spawn>

		<spawn playerSpawn="true" cooldown="5">
			<vector x="15" y="-16.5" use="position" />
			<itemRef item="minigun" proba="1" />
			<itemRef item="assault" proba="1" />
			<itemRef item="grenade_launcher" proba="1" />
			<itemRef item="ion" proba="1" />
			<itemRef item="shotgun" proba="1" />
			<itemRef item="stargun" proba="1" />
			<itemRef item="kata" proba="1" />
			<entities>
				<mesh src="data/meshes/item_pickup/weapon_pickup_ceiling.obj">
					<vector use="position" x="0" y="-1" z="0" />
					<vector use="rotation" x="0" y="0" z="0" />
					<vector use="scale" x=".75" y=".75" z=".75" />
				</mesh>
			</entities>
		</spawn>
		
		<spawn playerSpawn="true" cooldown="5">
			<vector x="-15" y="-16.5" use="position" />
			<itemRef item="minigun" proba="1" />
			<itemRef item="assault" proba="1" />
			<itemRef item="grenade_launcher" proba="1" />
			<itemRef item="ion" proba="1" />
			<itemRef item="shotgun" proba="1" />
			<itemRef item="stargun" proba="1" />
			<itemRef item="kata" proba="1" />
			<entities>
				<mesh src="data/meshes/item_pickup/weapon_pickup_ceiling.obj">
					<vector use="position" x="0" y="-1" z="0" />
					<vector use="rotation" x="0" y="0" z="0" />
					<vector use="scale" x=".75" y=".75" z=".75" />
				</mesh>
			</entities>
		</spawn>
		<spawn playerSpawn="true" cooldown="5">
			<vector x="5" y="-16.5" use="position" />
			<itemRef item="minigun" proba="1" />
			<itemRef item="assault" proba="1" />
			<itemRef item="grenade_launcher" proba="1" />
			<itemRef item="ion" proba="1" />
			<itemRef item="shotgun" proba="1" />
			<itemRef item="stargun" proba="1" />
			<itemRef item="kata" proba="1" />
			<entities>
				<mesh src="data/meshes/item_pickup/weapon_pickup_ceiling.obj">
					<vector use="position" x="0" y="-1" z="0" />
					<vector use="rotation" x="0" y="0" z="0" />
					<vector use="scale" x=".75" y=".75" z=".75" />
				</mesh>
			</entities>
		</spawn>
		
		<mesh src="data/meshes/nightclub/NightClub.obj"> <!-- Background -->
			<vector use="position" x="0" y="0" z="0" />
			<vector use="rotation" x="0" y="0" z="0" />
			<vector use="scale" x="1" y="1" z="1" />
		</mesh>

		<static> <!-- Floor street -->
			<vector x="0" y="1" use="position" />
			<vector x="50" y="1" use="extent" />
		</static>
		<static> <!-- Floor club -->
			<vector x="-28.7974" y="-1.06387" use="position" />
			<vector x="22.886435" y="1.06387" use="extent" />
		</static>
		<static> <!-- Ceiling -->
			<vector x="-31.5269" y="-16.7" use="position" />
			<vector x="20.8341" y="0.5" use="extent" />
		</static>
		<static> <!-- Wall left -->
			<vector x="-52.6838" y="-17.59102" use="position" />
			<vector x="1" y="30" use="extent" />
		</static>
		<static> <!-- Wall Right -->
			<vector x="-10.8928" y="-12.4399" use="position" />
			<vector x="0.2" y="4.760105" use="extent" />
		</static>
		<static> <!-- Building Right -->
			<vector x="31.1951" y="-10" use="position" />
			<vector x="1" y="30" use="extent" />
		</static>

	</entities>
</map>
