<?xml version="1.0" encoding="UTF-8"?>
<!DOCTYPE particleSystem SYSTEM "particlesDTD.dtd" >
<particleSystem>

	<emitter angleMin="-3.14159" angleMax="3.14159" delay="0" duration="6" lifetimeMin="4" lifetimeMax="6" rate="40" velocityMin=".5" velocityMax="6" gravityScale=".5">
	<basic sizeInitial=".15" sizeEnd=".35"></basic>
<!-- 	<oriented><vec2 x="10.5" y="10.15"/></oriented> -->
	<texture filtered="false" src="data/particle_glow.png"/>
	<vec4 x=".2" y=".6" z="1" w="1" use="colorStart"/>
	<vec4 x=".2" y=".6" z="1" w=".5" use="colorEnd"/>
	</emitter>
</particleSystem>
