<?xml version="1.0" encoding="UTF-8"?>
<!DOCTYPE particleSystem SYSTEM "particlesDTD.dtd" >
<particleSystem>
	<emitter angleMin="-3.14159" angleMax="3.14159" delay="0" duration="0" lifetimeMin="0.10" lifetimeMax="0.20" rate="2" velocityMin="30" velocityMax="40" gravityScale="0">
	<basic sizeInitial="0.7" sizeEnd="0.5"></basic>
<!-- 	<oriented><vec2 x="10.5" y="10.15"/></oriented> -->
	<texture filtered="false" src="data/sprites/star.png"/>
	<vec4 x="1" y="1" z="1" w="1" use="colorStart"/>
	<vec4 x="1" y="1" z="1" w="0" use="colorEnd"/>
	</emitter>
</particleSystem>
